_token,_category,_sequenceID,_reset,ID
string,list,int,int,string
,C,S,R,
the,0,0,1,0
Goat,0,0,0,0
eats,0,0,0,0
Beet,0,0,0,0
the,1,1,1,1
Beet,1,1,0,1
eats,1,1,0,1
Goat,1,1,0,1
the,0,2,1,2
Bear,0,2,0,2
eats,0,2,0,2
Cabbage,0,2,0,2
the,1,3,1,3
Cabbage,1,3,0,3
eats,1,3,0,3
Bear,1,3,0,3
the,0,4,1,4
Ferret,0,4,0,4
eats,0,4,0,4
Cauliflower,0,4,0,4
the,1,5,1,5
Cauliflower,1,5,0,5
eats,1,5,0,5
Ferret,1,5,0,5
the,0,6,1,6
Kangaroo,0,6,0,6
eats,0,6,0,6
Spinach,0,6,0,6
the,1,7,1,7
Spinach,1,7,0,7
eats,1,7,0,7
Kangaroo,1,7,0,7
the,0,8,1,8
Tiger,0,8,0,8
eats,0,8,0,8
Broccoli,0,8,0,8
the,1,9,1,9
Broccoli,1,9,0,9
eats,1,9,0,9
Tiger,1,9,0,9
the,0,10,1,10
Deer,0,10,0,10
eats,0,10,0,10
Asparagus,0,10,0,10
the,1,11,1,11
Asparagus,1,11,0,11
eats,1,11,0,11
Deer,1,11,0,11
the,0,12,1,12
Boar,0,12,0,12
eats,0,12,0,12
Broccoli,0,12,0,12
the,1,13,1,13
Broccoli,1,13,0,13
eats,1,13,0,13
Boar,1,13,0,13
the,0,14,1,14
Rabbit,0,14,0,14
eats,0,14,0,14
Turnip,0,14,0,14
the,1,15,1,15
Turnip,1,15,0,15
eats,1,15,0,15
Rabbit,1,15,0,15
the,0,16,1,16
Fox,0,16,0,16
eats,0,16,0,16
Turnip,0,16,0,16
the,1,17,1,17
Turnip,1,17,0,17
eats,1,17,0,17
Fox,1,17,0,17
the,0,18,1,18
Tiger,0,18,0,18
eats,0,18,0,18
Spinach,0,18,0,18
the,1,19,1,19
Spinach,1,19,0,19
eats,1,19,0,19
Tiger,1,19,0,19
the,0,20,1,20
Hare,0,20,0,20
eats,0,20,0,20
Asparagus,0,20,0,20
the,1,21,1,21
Asparagus,1,21,0,21
eats,1,21,0,21
Hare,1,21,0,21
the,0,22,1,22
Antelope,0,22,0,22
eats,0,22,0,22
Onion,0,22,0,22
the,1,23,1,23
Onion,1,23,0,23
eats,1,23,0,23
Antelope,1,23,0,23
the,0,24,1,24
Chicken,0,24,0,24
eats,0,24,0,24
Cucumber,0,24,0,24
the,1,25,1,25
Cucumber,1,25,0,25
eats,1,25,0,25
Chicken,1,25,0,25
the,0,26,1,26
Squirrel,0,26,0,26
eats,0,26,0,26
Wheatgrass,0,26,0,26
the,1,27,1,27
Wheatgrass,1,27,0,27
eats,1,27,0,27
Squirrel,1,27,0,27
the,0,28,1,28
Fox,0,28,0,28
eats,0,28,0,28
Cauliflower,0,28,0,28
the,1,29,1,29
Cauliflower,1,29,0,29
eats,1,29,0,29
Fox,1,29,0,29
the,0,30,1,30
Hamster,0,30,0,30
eats,0,30,0,30
Beet,0,30,0,30
the,1,31,1,31
Beet,1,31,0,31
eats,1,31,0,31
Hamster,1,31,0,31
the,0,32,1,32
Antelope,0,32,0,32
eats,0,32,0,32
Pumpkin,0,32,0,32
the,1,33,1,33
Pumpkin,1,33,0,33
eats,1,33,0,33
Antelope,1,33,0,33
the,0,34,1,34
Hare,0,34,0,34
eats,0,34,0,34
Zucchini,0,34,0,34
the,1,35,1,35
Zucchini,1,35,0,35
eats,1,35,0,35
Hare,1,35,0,35
the,0,36,1,36
Elk,0,36,0,36
eats,0,36,0,36
Basil,0,36,0,36
the,1,37,1,37
Basil,1,37,0,37
eats,1,37,0,37
Elk,1,37,0,37
the,0,38,1,38
Elk,0,38,0,38
eats,0,38,0,38
Pepper,0,38,0,38
the,1,39,1,39
Pepper,1,39,0,39
eats,1,39,0,39
Elk,1,39,0,39
the,0,40,1,40
Boar,0,40,0,40
eats,0,40,0,40
Tomato,0,40,0,40
the,1,41,1,41
Tomato,1,41,0,41
eats,1,41,0,41
Boar,1,41,0,41
the,0,42,1,42
Cow,0,42,0,42
eats,0,42,0,42
Wheatgrass,0,42,0,42
the,1,43,1,43
Wheatgrass,1,43,0,43
eats,1,43,0,43
Cow,1,43,0,43
the,0,44,1,44
Squirrel,0,44,0,44
eats,0,44,0,44
Radish,0,44,0,44
the,1,45,1,45
Radish,1,45,0,45
eats,1,45,0,45
Squirrel,1,45,0,45
the,0,46,1,46
Ape,0,46,0,46
eats,0,46,0,46
Celery,0,46,0,46
the,1,47,1,47
Celery,1,47,0,47
eats,1,47,0,47
Ape,1,47,0,47
the,0,48,1,48
Elephant,0,48,0,48
eats,0,48,0,48
Tomato,0,48,0,48
the,1,49,1,49
Tomato,1,49,0,49
eats,1,49,0,49
Elephant,1,49,0,49
the,0,50,1,50
Giraffe,0,50,0,50
eats,0,50,0,50
Potato,0,50,0,50
the,1,51,1,51
Potato,1,51,0,51
eats,1,51,0,51
Giraffe,1,51,0,51
the,0,52,1,52
Chicken,0,52,0,52
eats,0,52,0,52
Tomato,0,52,0,52
the,1,53,1,53
Tomato,1,53,0,53
eats,1,53,0,53
Chicken,1,53,0,53
the,0,54,1,54
Tiger,0,54,0,54
eats,0,54,0,54
Turnip,0,54,0,54
the,1,55,1,55
Turnip,1,55,0,55
eats,1,55,0,55
Tiger,1,55,0,55
the,0,56,1,56
Elephant,0,56,0,56
eats,0,56,0,56
Pepper,0,56,0,56
the,1,57,1,57
Pepper,1,57,0,57
eats,1,57,0,57
Elephant,1,57,0,57
the,0,58,1,58
Kangaroo,0,58,0,58
eats,0,58,0,58
Lettuce,0,58,0,58
the,1,59,1,59
Lettuce,1,59,0,59
eats,1,59,0,59
Kangaroo,1,59,0,59
the,0,60,1,60
Pig,0,60,0,60
eats,0,60,0,60
Potato,0,60,0,60
the,1,61,1,61
Potato,1,61,0,61
eats,1,61,0,61
Pig,1,61,0,61
the,0,62,1,62
Monkey,0,62,0,62
eats,0,62,0,62
Radish,0,62,0,62
the,1,63,1,63
Radish,1,63,0,63
eats,1,63,0,63
Monkey,1,63,0,63
the,0,64,1,64
Elk,0,64,0,64
eats,0,64,0,64
Asparagus,0,64,0,64
the,1,65,1,65
Asparagus,1,65,0,65
eats,1,65,0,65
Elk,1,65,0,65
the,0,66,1,66
Chicken,0,66,0,66
eats,0,66,0,66
Lettuce,0,66,0,66
the,1,67,1,67
Lettuce,1,67,0,67
eats,1,67,0,67
Chicken,1,67,0,67
the,0,68,1,68
Giraffe,0,68,0,68
eats,0,68,0,68
Mushroom,0,68,0,68
the,1,69,1,69
Mushroom,1,69,0,69
eats,1,69,0,69
Giraffe,1,69,0,69
the,0,70,1,70
Lion,0,70,0,70
eats,0,70,0,70
Pea,0,70,0,70
the,1,71,1,71
Pea,1,71,0,71
eats,1,71,0,71
Lion,1,71,0,71
the,0,72,1,72
Cow,0,72,0,72
eats,0,72,0,72
Radish,0,72,0,72
the,1,73,1,73
Radish,1,73,0,73
eats,1,73,0,73
Cow,1,73,0,73
the,0,74,1,74
Buffalo,0,74,0,74
eats,0,74,0,74
Potato,0,74,0,74
the,1,75,1,75
Potato,1,75,0,75
eats,1,75,0,75
Buffalo,1,75,0,75
the,0,76,1,76
Boar,0,76,0,76
eats,0,76,0,76
Daikon,0,76,0,76
the,1,77,1,77
Daikon,1,77,0,77
eats,1,77,0,77
Boar,1,77,0,77
the,0,78,1,78
Giraffe,0,78,0,78
eats,0,78,0,78
Turnip,0,78,0,78
the,1,79,1,79
Turnip,1,79,0,79
eats,1,79,0,79
Giraffe,1,79,0,79
the,0,80,1,80
Mule,0,80,0,80
eats,0,80,0,80
Lettuce,0,80,0,80
the,1,81,1,81
Lettuce,1,81,0,81
eats,1,81,0,81
Mule,1,81,0,81
the,0,82,1,82
Bear,0,82,0,82
eats,0,82,0,82
Kale,0,82,0,82
the,1,83,1,83
Kale,1,83,0,83
eats,1,83,0,83
Bear,1,83,0,83
the,0,84,1,84
Rabbit,0,84,0,84
eats,0,84,0,84
Artichoke,0,84,0,84
the,1,85,1,85
Artichoke,1,85,0,85
eats,1,85,0,85
Rabbit,1,85,0,85
the,0,86,1,86
Turkey,0,86,0,86
eats,0,86,0,86
Pumpkin,0,86,0,86
the,1,87,1,87
Pumpkin,1,87,0,87
eats,1,87,0,87
Turkey,1,87,0,87
the,0,88,1,88
Hare,0,88,0,88
eats,0,88,0,88
Cucumber,0,88,0,88
the,1,89,1,89
Cucumber,1,89,0,89
eats,1,89,0,89
Hare,1,89,0,89
the,0,90,1,90
Ferret,0,90,0,90
eats,0,90,0,90
Radish,0,90,0,90
the,1,91,1,91
Radish,1,91,0,91
eats,1,91,0,91
Ferret,1,91,0,91
the,0,92,1,92
Hare,0,92,0,92
eats,0,92,0,92
Artichoke,0,92,0,92
the,1,93,1,93
Artichoke,1,93,0,93
eats,1,93,0,93
Hare,1,93,0,93
the,0,94,1,94
Camel,0,94,0,94
eats,0,94,0,94
Celery,0,94,0,94
the,1,95,1,95
Celery,1,95,0,95
eats,1,95,0,95
Camel,1,95,0,95
the,0,96,1,96
Goose,0,96,0,96
eats,0,96,0,96
Cabbage,0,96,0,96
the,1,97,1,97
Cabbage,1,97,0,97
eats,1,97,0,97
Goose,1,97,0,97
the,0,98,1,98
Bison,0,98,0,98
eats,0,98,0,98
Turnip,0,98,0,98
the,1,99,1,99
Turnip,1,99,0,99
eats,1,99,0,99
Bison,1,99,0,99
the,0,100,1,100
Antelope,0,100,0,100
eats,0,100,0,100
Lettuce,0,100,0,100
the,1,101,1,101
Lettuce,1,101,0,101
eats,1,101,0,101
Antelope,1,101,0,101
the,0,102,1,102
Boar,0,102,0,102
eats,0,102,0,102
Carrot,0,102,0,102
the,1,103,1,103
Carrot,1,103,0,103
eats,1,103,0,103
Boar,1,103,0,103
the,0,104,1,104
Buffalo,0,104,0,104
eats,0,104,0,104
Mushroom,0,104,0,104
the,1,105,1,105
Mushroom,1,105,0,105
eats,1,105,0,105
Buffalo,1,105,0,105
the,0,106,1,106
Horse,0,106,0,106
eats,0,106,0,106
Asparagus,0,106,0,106
the,1,107,1,107
Asparagus,1,107,0,107
eats,1,107,0,107
Horse,1,107,0,107
the,0,108,1,108
Lion,0,108,0,108
eats,0,108,0,108
Potato,0,108,0,108
the,1,109,1,109
Potato,1,109,0,109
eats,1,109,0,109
Lion,1,109,0,109
the,0,110,1,110
Monkey,0,110,0,110
eats,0,110,0,110
Tomato,0,110,0,110
the,1,111,1,111
Tomato,1,111,0,111
eats,1,111,0,111
Monkey,1,111,0,111
the,0,112,1,112
Lion,0,112,0,112
eats,0,112,0,112
Artichoke,0,112,0,112
the,1,113,1,113
Artichoke,1,113,0,113
eats,1,113,0,113
Lion,1,113,0,113
the,0,114,1,114
Bear,0,114,0,114
eats,0,114,0,114
Eggplant,0,114,0,114
the,1,115,1,115
Eggplant,1,115,0,115
eats,1,115,0,115
Bear,1,115,0,115
the,0,116,1,116
Donkey,0,116,0,116
eats,0,116,0,116
Carrot,0,116,0,116
the,1,117,1,117
Carrot,1,117,0,117
eats,1,117,0,117
Donkey,1,117,0,117
the,0,118,1,118
Sheep,0,118,0,118
eats,0,118,0,118
Onion,0,118,0,118
the,1,119,1,119
Onion,1,119,0,119
eats,1,119,0,119
Sheep,1,119,0,119
the,0,120,1,120
Goat,0,120,0,120
eats,0,120,0,120
Cabbage,0,120,0,120
the,1,121,1,121
Cabbage,1,121,0,121
eats,1,121,0,121
Goat,1,121,0,121
the,0,122,1,122
Buffalo,0,122,0,122
eats,0,122,0,122
Broccoli,0,122,0,122
the,1,123,1,123
Broccoli,1,123,0,123
eats,1,123,0,123
Buffalo,1,123,0,123
the,0,124,1,124
Camel,0,124,0,124
eats,0,124,0,124
Pumpkin,0,124,0,124
the,1,125,1,125
Pumpkin,1,125,0,125
eats,1,125,0,125
Camel,1,125,0,125
the,0,126,1,126
Antelope,0,126,0,126
eats,0,126,0,126
Artichoke,0,126,0,126
the,1,127,1,127
Artichoke,1,127,0,127
eats,1,127,0,127
Antelope,1,127,0,127
the,0,128,1,128
Donkey,0,128,0,128
eats,0,128,0,128
Onion,0,128,0,128
the,1,129,1,129
Onion,1,129,0,129
eats,1,129,0,129
Donkey,1,129,0,129
the,0,130,1,130
Rabbit,0,130,0,130
eats,0,130,0,130
Basil,0,130,0,130
the,1,131,1,131
Basil,1,131,0,131
eats,1,131,0,131
Rabbit,1,131,0,131
the,0,132,1,132
Dog,0,132,0,132
eats,0,132,0,132
Broccoli,0,132,0,132
the,1,133,1,133
Broccoli,1,133,0,133
eats,1,133,0,133
Dog,1,133,0,133
the,0,134,1,134
Horse,0,134,0,134
eats,0,134,0,134
Basil,0,134,0,134
the,1,135,1,135
Basil,1,135,0,135
eats,1,135,0,135
Horse,1,135,0,135
the,0,136,1,136
Hare,0,136,0,136
eats,0,136,0,136
Pea,0,136,0,136
the,1,137,1,137
Pea,1,137,0,137
eats,1,137,0,137
Hare,1,137,0,137
the,0,138,1,138
Chicken,0,138,0,138
eats,0,138,0,138
Artichoke,0,138,0,138
the,1,139,1,139
Artichoke,1,139,0,139
eats,1,139,0,139
Chicken,1,139,0,139
the,0,140,1,140
Goose,0,140,0,140
eats,0,140,0,140
Artichoke,0,140,0,140
the,1,141,1,141
Artichoke,1,141,0,141
eats,1,141,0,141
Goose,1,141,0,141
the,0,142,1,142
Horse,0,142,0,142
eats,0,142,0,142
Artichoke,0,142,0,142
the,1,143,1,143
Artichoke,1,143,0,143
eats,1,143,0,143
Horse,1,143,0,143
the,0,144,1,144
Hamster,0,144,0,144
eats,0,144,0,144
Wheatgrass,0,144,0,144
the,1,145,1,145
Wheatgrass,1,145,0,145
eats,1,145,0,145
Hamster,1,145,0,145
the,0,146,1,146
Monkey,0,146,0,146
eats,0,146,0,146
Daikon,0,146,0,146
the,1,147,1,147
Daikon,1,147,0,147
eats,1,147,0,147
Monkey,1,147,0,147
the,0,148,1,148
Bison,0,148,0,148
eats,0,148,0,148
Eggplant,0,148,0,148
the,1,149,1,149
Eggplant,1,149,0,149
eats,1,149,0,149
Bison,1,149,0,149
the,0,150,1,150
Ferret,0,150,0,150
eats,0,150,0,150
Kale,0,150,0,150
the,1,151,1,151
Kale,1,151,0,151
eats,1,151,0,151
Ferret,1,151,0,151
the,0,152,1,152
Pig,0,152,0,152
eats,0,152,0,152
Onion,0,152,0,152
the,1,153,1,153
Onion,1,153,0,153
eats,1,153,0,153
Pig,1,153,0,153
the,0,154,1,154
Hare,0,154,0,154
eats,0,154,0,154
Spinach,0,154,0,154
the,1,155,1,155
Spinach,1,155,0,155
eats,1,155,0,155
Hare,1,155,0,155
the,0,156,1,156
Goose,0,156,0,156
eats,0,156,0,156
Pea,0,156,0,156
the,1,157,1,157
Pea,1,157,0,157
eats,1,157,0,157
Goose,1,157,0,157
the,0,158,1,158
Deer,0,158,0,158
eats,0,158,0,158
Zucchini,0,158,0,158
the,1,159,1,159
Zucchini,1,159,0,159
eats,1,159,0,159
Deer,1,159,0,159
the,0,160,1,160
Giraffe,0,160,0,160
eats,0,160,0,160
Kale,0,160,0,160
the,1,161,1,161
Kale,1,161,0,161
eats,1,161,0,161
Giraffe,1,161,0,161
the,0,162,1,162
Donkey,0,162,0,162
eats,0,162,0,162
Potato,0,162,0,162
the,1,163,1,163
Potato,1,163,0,163
eats,1,163,0,163
Donkey,1,163,0,163
the,0,164,1,164
Buffalo,0,164,0,164
eats,0,164,0,164
Turnip,0,164,0,164
the,1,165,1,165
Turnip,1,165,0,165
eats,1,165,0,165
Buffalo,1,165,0,165
the,0,166,1,166
Ferret,0,166,0,166
eats,0,166,0,166
Mushroom,0,166,0,166
the,1,167,1,167
Mushroom,1,167,0,167
eats,1,167,0,167
Ferret,1,167,0,167
the,0,168,1,168
Dog,0,168,0,168
eats,0,168,0,168
Mushroom,0,168,0,168
the,1,169,1,169
Mushroom,1,169,0,169
eats,1,169,0,169
Dog,1,169,0,169
the,0,170,1,170
Monkey,0,170,0,170
eats,0,170,0,170
Turnip,0,170,0,170
the,1,171,1,171
Turnip,1,171,0,171
eats,1,171,0,171
Monkey,1,171,0,171
the,0,172,1,172
Goat,0,172,0,172
eats,0,172,0,172
Basil,0,172,0,172
the,1,173,1,173
Basil,1,173,0,173
eats,1,173,0,173
Goat,1,173,0,173
the,0,174,1,174
Tiger,0,174,0,174
eats,0,174,0,174
Beet,0,174,0,174
the,1,175,1,175
Beet,1,175,0,175
eats,1,175,0,175
Tiger,1,175,0,175
the,0,176,1,176
Buffalo,0,176,0,176
eats,0,176,0,176
Beet,0,176,0,176
the,1,177,1,177
Beet,1,177,0,177
eats,1,177,0,177
Buffalo,1,177,0,177
the,0,178,1,178
Squirrel,0,178,0,178
eats,0,178,0,178
Zucchini,0,178,0,178
the,1,179,1,179
Zucchini,1,179,0,179
eats,1,179,0,179
Squirrel,1,179,0,179
the,0,180,1,180
Tiger,0,180,0,180
eats,0,180,0,180
Carrot,0,180,0,180
the,1,181,1,181
Carrot,1,181,0,181
eats,1,181,0,181
Tiger,1,181,0,181
the,0,182,1,182
Pig,0,182,0,182
eats,0,182,0,182
Zucchini,0,182,0,182
the,1,183,1,183
Zucchini,1,183,0,183
eats,1,183,0,183
Pig,1,183,0,183
the,0,184,1,184
Boar,0,184,0,184
eats,0,184,0,184
Pepper,0,184,0,184
the,1,185,1,185
Pepper,1,185,0,185
eats,1,185,0,185
Boar,1,185,0,185
the,0,186,1,186
Turkey,0,186,0,186
eats,0,186,0,186
Zucchini,0,186,0,186
the,1,187,1,187
Zucchini,1,187,0,187
eats,1,187,0,187
Turkey,1,187,0,187
the,0,188,1,188
Tiger,0,188,0,188
eats,0,188,0,188
Cucumber,0,188,0,188
the,1,189,1,189
Cucumber,1,189,0,189
eats,1,189,0,189
Tiger,1,189,0,189
the,0,190,1,190
Tiger,0,190,0,190
eats,0,190,0,190
Wheatgrass,0,190,0,190
the,1,191,1,191
Wheatgrass,1,191,0,191
eats,1,191,0,191
Tiger,1,191,0,191
the,0,192,1,192
Cow,0,192,0,192
eats,0,192,0,192
Tomato,0,192,0,192
the,1,193,1,193
Tomato,1,193,0,193
eats,1,193,0,193
Cow,1,193,0,193
the,0,194,1,194
Ferret,0,194,0,194
eats,0,194,0,194
Celery,0,194,0,194
the,1,195,1,195
Celery,1,195,0,195
eats,1,195,0,195
Ferret,1,195,0,195
the,0,196,1,196
Hamster,0,196,0,196
eats,0,196,0,196
Eggplant,0,196,0,196
the,1,197,1,197
Eggplant,1,197,0,197
eats,1,197,0,197
Hamster,1,197,0,197
the,0,198,1,198
Dog,0,198,0,198
eats,0,198,0,198
Radish,0,198,0,198
the,1,199,1,199
Radish,1,199,0,199
eats,1,199,0,199
Dog,1,199,0,199
the,0,200,1,200
Hare,0,200,0,200
eats,0,200,0,200
Pumpkin,0,200,0,200
the,1,201,1,201
Pumpkin,1,201,0,201
eats,1,201,0,201
Hare,1,201,0,201
the,0,202,1,202
Hamster,0,202,0,202
eats,0,202,0,202
Artichoke,0,202,0,202
the,1,203,1,203
Artichoke,1,203,0,203
eats,1,203,0,203
Hamster,1,203,0,203
the,0,204,1,204
Fox,0,204,0,204
eats,0,204,0,204
Celery,0,204,0,204
the,1,205,1,205
Celery,1,205,0,205
eats,1,205,0,205
Fox,1,205,0,205
the,0,206,1,206
Buffalo,0,206,0,206
eats,0,206,0,206
Pepper,0,206,0,206
the,1,207,1,207
Pepper,1,207,0,207
eats,1,207,0,207
Buffalo,1,207,0,207
the,0,208,1,208
Dog,0,208,0,208
eats,0,208,0,208
Basil,0,208,0,208
the,1,209,1,209
Basil,1,209,0,209
eats,1,209,0,209
Dog,1,209,0,209
the,0,210,1,210
Pig,0,210,0,210
eats,0,210,0,210
Asparagus,0,210,0,210
the,1,211,1,211
Asparagus,1,211,0,211
eats,1,211,0,211
Pig,1,211,0,211
the,0,212,1,212
Horse,0,212,0,212
eats,0,212,0,212
Lettuce,0,212,0,212
the,1,213,1,213
Lettuce,1,213,0,213
eats,1,213,0,213
Horse,1,213,0,213
the,0,214,1,214
Giraffe,0,214,0,214
eats,0,214,0,214
Onion,0,214,0,214
the,1,215,1,215
Onion,1,215,0,215
eats,1,215,0,215
Giraffe,1,215,0,215
the,0,216,1,216
Pig,0,216,0,216
eats,0,216,0,216
Turnip,0,216,0,216
the,1,217,1,217
Turnip,1,217,0,217
eats,1,217,0,217
Pig,1,217,0,217
the,0,218,1,218
Kangaroo,0,218,0,218
eats,0,218,0,218
Cauliflower,0,218,0,218
the,1,219,1,219
Cauliflower,1,219,0,219
eats,1,219,0,219
Kangaroo,1,219,0,219
the,0,220,1,220
Sheep,0,220,0,220
eats,0,220,0,220
Basil,0,220,0,220
the,1,221,1,221
Basil,1,221,0,221
eats,1,221,0,221
Sheep,1,221,0,221
the,0,222,1,222
Buffalo,0,222,0,222
eats,0,222,0,222
Daikon,0,222,0,222
the,1,223,1,223
Daikon,1,223,0,223
eats,1,223,0,223
Buffalo,1,223,0,223
the,0,224,1,224
Turkey,0,224,0,224
eats,0,224,0,224
Broccoli,0,224,0,224
the,1,225,1,225
Broccoli,1,225,0,225
eats,1,225,0,225
Turkey,1,225,0,225
the,0,226,1,226
Goose,0,226,0,226
eats,0,226,0,226
Potato,0,226,0,226
the,1,227,1,227
Potato,1,227,0,227
eats,1,227,0,227
Goose,1,227,0,227
the,0,228,1,228
Gazelle,0,228,0,228
eats,0,228,0,228
Mushroom,0,228,0,228
the,1,229,1,229
Mushroom,1,229,0,229
eats,1,229,0,229
Gazelle,1,229,0,229
the,0,230,1,230
Kangaroo,0,230,0,230
eats,0,230,0,230
Basil,0,230,0,230
the,1,231,1,231
Basil,1,231,0,231
eats,1,231,0,231
Kangaroo,1,231,0,231
the,0,232,1,232
Antelope,0,232,0,232
eats,0,232,0,232
Beet,0,232,0,232
the,1,233,1,233
Beet,1,233,0,233
eats,1,233,0,233
Antelope,1,233,0,233
the,0,234,1,234
Ape,0,234,0,234
eats,0,234,0,234
Cauliflower,0,234,0,234
the,1,235,1,235
Cauliflower,1,235,0,235
eats,1,235,0,235
Ape,1,235,0,235
the,0,236,1,236
Rabbit,0,236,0,236
eats,0,236,0,236
Celery,0,236,0,236
the,1,237,1,237
Celery,1,237,0,237
eats,1,237,0,237
Rabbit,1,237,0,237
the,0,238,1,238
Turkey,0,238,0,238
eats,0,238,0,238
Cauliflower,0,238,0,238
the,1,239,1,239
Cauliflower,1,239,0,239
eats,1,239,0,239
Turkey,1,239,0,239
the,0,240,1,240
Antelope,0,240,0,240
eats,0,240,0,240
Wheatgrass,0,240,0,240
the,1,241,1,241
Wheatgrass,1,241,0,241
eats,1,241,0,241
Antelope,1,241,0,241
the,0,242,1,242
Chicken,0,242,0,242
eats,0,242,0,242
Daikon,0,242,0,242
the,1,243,1,243
Daikon,1,243,0,243
eats,1,243,0,243
Chicken,1,243,0,243
the,0,244,1,244
Dog,0,244,0,244
eats,0,244,0,244
Celery,0,244,0,244
the,1,245,1,245
Celery,1,245,0,245
eats,1,245,0,245
Dog,1,245,0,245
the,0,246,1,246
Chicken,0,246,0,246
eats,0,246,0,246
Zucchini,0,246,0,246
the,1,247,1,247
Zucchini,1,247,0,247
eats,1,247,0,247
Chicken,1,247,0,247
the,0,248,1,248
Mule,0,248,0,248
eats,0,248,0,248
Radish,0,248,0,248
the,1,249,1,249
Radish,1,249,0,249
eats,1,249,0,249
Mule,1,249,0,249
the,0,250,1,250
Mule,0,250,0,250
eats,0,250,0,250
Cauliflower,0,250,0,250
the,1,251,1,251
Cauliflower,1,251,0,251
eats,1,251,0,251
Mule,1,251,0,251
the,0,252,1,252
Horse,0,252,0,252
eats,0,252,0,252
Broccoli,0,252,0,252
the,1,253,1,253
Broccoli,1,253,0,253
eats,1,253,0,253
Horse,1,253,0,253
the,0,254,1,254
Horse,0,254,0,254
eats,0,254,0,254
Pea,0,254,0,254
the,1,255,1,255
Pea,1,255,0,255
eats,1,255,0,255
Horse,1,255,0,255
the,0,256,1,256
Cow,0,256,0,256
eats,0,256,0,256
Artichoke,0,256,0,256
the,1,257,1,257
Artichoke,1,257,0,257
eats,1,257,0,257
Cow,1,257,0,257
the,0,258,1,258
Gazelle,0,258,0,258
eats,0,258,0,258
Pumpkin,0,258,0,258
the,1,259,1,259
Pumpkin,1,259,0,259
eats,1,259,0,259
Gazelle,1,259,0,259
the,0,260,1,260
Dog,0,260,0,260
eats,0,260,0,260
Beet,0,260,0,260
the,1,261,1,261
Beet,1,261,0,261
eats,1,261,0,261
Dog,1,261,0,261
the,0,262,1,262
Bear,0,262,0,262
eats,0,262,0,262
Onion,0,262,0,262
the,1,263,1,263
Onion,1,263,0,263
eats,1,263,0,263
Bear,1,263,0,263
the,0,264,1,264
Giraffe,0,264,0,264
eats,0,264,0,264
Cabbage,0,264,0,264
the,1,265,1,265
Cabbage,1,265,0,265
eats,1,265,0,265
Giraffe,1,265,0,265
the,0,266,1,266
Lion,0,266,0,266
eats,0,266,0,266
Mushroom,0,266,0,266
the,1,267,1,267
Mushroom,1,267,0,267
eats,1,267,0,267
Lion,1,267,0,267
the,0,268,1,268
Bear,0,268,0,268
eats,0,268,0,268
Cucumber,0,268,0,268
the,1,269,1,269
Cucumber,1,269,0,269
eats,1,269,0,269
Bear,1,269,0,269
the,0,270,1,270
Gazelle,0,270,0,270
eats,0,270,0,270
Spinach,0,270,0,270
the,1,271,1,271
Spinach,1,271,0,271
eats,1,271,0,271
Gazelle,1,271,0,271
the,0,272,1,272
Rabbit,0,272,0,272
eats,0,272,0,272
Cabbage,0,272,0,272
the,1,273,1,273
Cabbage,1,273,0,273
eats,1,273,0,273
Rabbit,1,273,0,273
the,0,274,1,274
Ape,0,274,0,274
eats,0,274,0,274
Pepper,0,274,0,274
the,1,275,1,275
Pepper,1,275,0,275
eats,1,275,0,275
Ape,1,275,0,275
the,0,276,1,276
Mule,0,276,0,276
eats,0,276,0,276
Pepper,0,276,0,276
the,1,277,1,277
Pepper,1,277,0,277
eats,1,277,0,277
Mule,1,277,0,277
the,0,278,1,278
Fox,0,278,0,278
eats,0,278,0,278
Asparagus,0,278,0,278
the,1,279,1,279
Asparagus,1,279,0,279
eats,1,279,0,279
Fox,1,279,0,279
the,0,280,1,280
Boar,0,280,0,280
eats,0,280,0,280
Cauliflower,0,280,0,280
the,1,281,1,281
Cauliflower,1,281,0,281
eats,1,281,0,281
Boar,1,281,0,281
the,0,282,1,282
Giraffe,0,282,0,282
eats,0,282,0,282
Eggplant,0,282,0,282
the,1,283,1,283
Eggplant,1,283,0,283
eats,1,283,0,283
Giraffe,1,283,0,283
the,0,284,1,284
Elk,0,284,0,284
eats,0,284,0,284
Celery,0,284,0,284
the,1,285,1,285
Celery,1,285,0,285
eats,1,285,0,285
Elk,1,285,0,285
the,0,286,1,286
Camel,0,286,0,286
eats,0,286,0,286
Cabbage,0,286,0,286
the,1,287,1,287
Cabbage,1,287,0,287
eats,1,287,0,287
Camel,1,287,0,287
the,0,288,1,288
Kangaroo,0,288,0,288
eats,0,288,0,288
Asparagus,0,288,0,288
the,1,289,1,289
Asparagus,1,289,0,289
eats,1,289,0,289
Kangaroo,1,289,0,289
the,0,290,1,290
Tiger,0,290,0,290
eats,0,290,0,290
Tomato,0,290,0,290
the,1,291,1,291
Tomato,1,291,0,291
eats,1,291,0,291
Tiger,1,291,0,291
the,0,292,1,292
Cat,0,292,0,292
eats,0,292,0,292
Pea,0,292,0,292
the,1,293,1,293
Pea,1,293,0,293
eats,1,293,0,293
Cat,1,293,0,293
the,0,294,1,294
Goose,0,294,0,294
eats,0,294,0,294
Kale,0,294,0,294
the,1,295,1,295
Kale,1,295,0,295
eats,1,295,0,295
Goose,1,295,0,295
the,0,296,1,296
Sheep,0,296,0,296
eats,0,296,0,296
Asparagus,0,296,0,296
the,1,297,1,297
Asparagus,1,297,0,297
eats,1,297,0,297
Sheep,1,297,0,297
the,0,298,1,298
Ape,0,298,0,298
eats,0,298,0,298
Broccoli,0,298,0,298
the,1,299,1,299
Broccoli,1,299,0,299
eats,1,299,0,299
Ape,1,299,0,299
the,0,300,1,300
Cat,0,300,0,300
eats,0,300,0,300
Spinach,0,300,0,300
the,1,301,1,301
Spinach,1,301,0,301
eats,1,301,0,301
Cat,1,301,0,301
the,0,302,1,302
Hamster,0,302,0,302
eats,0,302,0,302
Kale,0,302,0,302
the,1,303,1,303
Kale,1,303,0,303
eats,1,303,0,303
Hamster,1,303,0,303
the,0,304,1,304
Goat,0,304,0,304
eats,0,304,0,304
Mushroom,0,304,0,304
the,1,305,1,305
Mushroom,1,305,0,305
eats,1,305,0,305
Goat,1,305,0,305
the,0,306,1,306
Cat,0,306,0,306
eats,0,306,0,306
Tomato,0,306,0,306
the,1,307,1,307
Tomato,1,307,0,307
eats,1,307,0,307
Cat,1,307,0,307
the,0,308,1,308
Elephant,0,308,0,308
eats,0,308,0,308
Turnip,0,308,0,308
the,1,309,1,309
Turnip,1,309,0,309
eats,1,309,0,309
Elephant,1,309,0,309
the,0,310,1,310
Giraffe,0,310,0,310
eats,0,310,0,310
Daikon,0,310,0,310
the,1,311,1,311
Daikon,1,311,0,311
eats,1,311,0,311
Giraffe,1,311,0,311
the,0,312,1,312
Giraffe,0,312,0,312
eats,0,312,0,312
Zucchini,0,312,0,312
the,1,313,1,313
Zucchini,1,313,0,313
eats,1,313,0,313
Giraffe,1,313,0,313
the,0,314,1,314
Buffalo,0,314,0,314
eats,0,314,0,314
Cucumber,0,314,0,314
the,1,315,1,315
Cucumber,1,315,0,315
eats,1,315,0,315
Buffalo,1,315,0,315
the,0,316,1,316
Turkey,0,316,0,316
eats,0,316,0,316
Turnip,0,316,0,316
the,1,317,1,317
Turnip,1,317,0,317
eats,1,317,0,317
Turkey,1,317,0,317
the,0,318,1,318
Dog,0,318,0,318
eats,0,318,0,318
Turnip,0,318,0,318
the,1,319,1,319
Turnip,1,319,0,319
eats,1,319,0,319
Dog,1,319,0,319
the,0,320,1,320
Lion,0,320,0,320
eats,0,320,0,320
Broccoli,0,320,0,320
the,1,321,1,321
Broccoli,1,321,0,321
eats,1,321,0,321
Lion,1,321,0,321
the,0,322,1,322
Turkey,0,322,0,322
eats,0,322,0,322
Onion,0,322,0,322
the,1,323,1,323
Onion,1,323,0,323
eats,1,323,0,323
Turkey,1,323,0,323
the,0,324,1,324
Bison,0,324,0,324
eats,0,324,0,324
Wheatgrass,0,324,0,324
the,1,325,1,325
Wheatgrass,1,325,0,325
eats,1,325,0,325
Bison,1,325,0,325
the,0,326,1,326
Antelope,0,326,0,326
eats,0,326,0,326
Cucumber,0,326,0,326
the,1,327,1,327
Cucumber,1,327,0,327
eats,1,327,0,327
Antelope,1,327,0,327
the,0,328,1,328
Antelope,0,328,0,328
eats,0,328,0,328
Zucchini,0,328,0,328
the,1,329,1,329
Zucchini,1,329,0,329
eats,1,329,0,329
Antelope,1,329,0,329
the,0,330,1,330
Deer,0,330,0,330
eats,0,330,0,330
Beet,0,330,0,330
the,1,331,1,331
Beet,1,331,0,331
eats,1,331,0,331
Deer,1,331,0,331
the,0,332,1,332
Hamster,0,332,0,332
eats,0,332,0,332
Zucchini,0,332,0,332
the,1,333,1,333
Zucchini,1,333,0,333
eats,1,333,0,333
Hamster,1,333,0,333
the,0,334,1,334
Kangaroo,0,334,0,334
eats,0,334,0,334
Broccoli,0,334,0,334
the,1,335,1,335
Broccoli,1,335,0,335
eats,1,335,0,335
Kangaroo,1,335,0,335
the,0,336,1,336
Goat,0,336,0,336
eats,0,336,0,336
Radish,0,336,0,336
the,1,337,1,337
Radish,1,337,0,337
eats,1,337,0,337
Goat,1,337,0,337
the,0,338,1,338
Dog,0,338,0,338
eats,0,338,0,338
Eggplant,0,338,0,338
the,1,339,1,339
Eggplant,1,339,0,339
eats,1,339,0,339
Dog,1,339,0,339
the,0,340,1,340
Gazelle,0,340,0,340
eats,0,340,0,340
Pea,0,340,0,340
the,1,341,1,341
Pea,1,341,0,341
eats,1,341,0,341
Gazelle,1,341,0,341
the,0,342,1,342
Turkey,0,342,0,342
eats,0,342,0,342
Lettuce,0,342,0,342
the,1,343,1,343
Lettuce,1,343,0,343
eats,1,343,0,343
Turkey,1,343,0,343
the,0,344,1,344
Boar,0,344,0,344
eats,0,344,0,344
Cucumber,0,344,0,344
the,1,345,1,345
Cucumber,1,345,0,345
eats,1,345,0,345
Boar,1,345,0,345
the,0,346,1,346
Bison,0,346,0,346
eats,0,346,0,346
Kale,0,346,0,346
the,1,347,1,347
Kale,1,347,0,347
eats,1,347,0,347
Bison,1,347,0,347
the,0,348,1,348
Cow,0,348,0,348
eats,0,348,0,348
Celery,0,348,0,348
the,1,349,1,349
Celery,1,349,0,349
eats,1,349,0,349
Cow,1,349,0,349
the,0,350,1,350
Goose,0,350,0,350
eats,0,350,0,350
Wheatgrass,0,350,0,350
the,1,351,1,351
Wheatgrass,1,351,0,351
eats,1,351,0,351
Goose,1,351,0,351
the,0,352,1,352
Ferret,0,352,0,352
eats,0,352,0,352
Wheatgrass,0,352,0,352
the,1,353,1,353
Wheatgrass,1,353,0,353
eats,1,353,0,353
Ferret,1,353,0,353
the,0,354,1,354
Donkey,0,354,0,354
eats,0,354,0,354
Cauliflower,0,354,0,354
the,1,355,1,355
Cauliflower,1,355,0,355
eats,1,355,0,355
Donkey,1,355,0,355
the,0,356,1,356
Zebra,0,356,0,356
eats,0,356,0,356
Carrot,0,356,0,356
the,1,357,1,357
Carrot,1,357,0,357
eats,1,357,0,357
Zebra,1,357,0,357
the,0,358,1,358
Zebra,0,358,0,358
eats,0,358,0,358
Broccoli,0,358,0,358
the,1,359,1,359
Broccoli,1,359,0,359
eats,1,359,0,359
Zebra,1,359,0,359
the,0,360,1,360
Bear,0,360,0,360
eats,0,360,0,360
Tomato,0,360,0,360
the,1,361,1,361
Tomato,1,361,0,361
eats,1,361,0,361
Bear,1,361,0,361
the,0,362,1,362
Kangaroo,0,362,0,362
eats,0,362,0,362
Beet,0,362,0,362
the,1,363,1,363
Beet,1,363,0,363
eats,1,363,0,363
Kangaroo,1,363,0,363
the,0,364,1,364
Goose,0,364,0,364
eats,0,364,0,364
Tomato,0,364,0,364
the,1,365,1,365
Tomato,1,365,0,365
eats,1,365,0,365
Goose,1,365,0,365
the,0,366,1,366
Goose,0,366,0,366
eats,0,366,0,366
Pepper,0,366,0,366
the,1,367,1,367
Pepper,1,367,0,367
eats,1,367,0,367
Goose,1,367,0,367
the,0,368,1,368
Hamster,0,368,0,368
eats,0,368,0,368
Celery,0,368,0,368
the,1,369,1,369
Celery,1,369,0,369
eats,1,369,0,369
Hamster,1,369,0,369
the,0,370,1,370
Squirrel,0,370,0,370
eats,0,370,0,370
Lettuce,0,370,0,370
the,1,371,1,371
Lettuce,1,371,0,371
eats,1,371,0,371
Squirrel,1,371,0,371
the,0,372,1,372
Lion,0,372,0,372
eats,0,372,0,372
Pumpkin,0,372,0,372
the,1,373,1,373
Pumpkin,1,373,0,373
eats,1,373,0,373
Lion,1,373,0,373
the,0,374,1,374
Bear,0,374,0,374
eats,0,374,0,374
Pea,0,374,0,374
the,1,375,1,375
Pea,1,375,0,375
eats,1,375,0,375
Bear,1,375,0,375
the,0,376,1,376
Kangaroo,0,376,0,376
eats,0,376,0,376
Potato,0,376,0,376
the,1,377,1,377
Potato,1,377,0,377
eats,1,377,0,377
Kangaroo,1,377,0,377
the,0,378,1,378
Pig,0,378,0,378
eats,0,378,0,378
Beet,0,378,0,378
the,1,379,1,379
Beet,1,379,0,379
eats,1,379,0,379
Pig,1,379,0,379
the,0,380,1,380
Elk,0,380,0,380
eats,0,380,0,380
Lettuce,0,380,0,380
the,1,381,1,381
Lettuce,1,381,0,381
eats,1,381,0,381
Elk,1,381,0,381
the,0,382,1,382
Boar,0,382,0,382
eats,0,382,0,382
Celery,0,382,0,382
the,1,383,1,383
Celery,1,383,0,383
eats,1,383,0,383
Boar,1,383,0,383
the,0,384,1,384
Hare,0,384,0,384
eats,0,384,0,384
Carrot,0,384,0,384
the,1,385,1,385
Carrot,1,385,0,385
eats,1,385,0,385
Hare,1,385,0,385
the,0,386,1,386
Goose,0,386,0,386
eats,0,386,0,386
Pumpkin,0,386,0,386
the,1,387,1,387
Pumpkin,1,387,0,387
eats,1,387,0,387
Goose,1,387,0,387
the,0,388,1,388
Horse,0,388,0,388
eats,0,388,0,388
Eggplant,0,388,0,388
the,1,389,1,389
Eggplant,1,389,0,389
eats,1,389,0,389
Horse,1,389,0,389
the,0,390,1,390
Bison,0,390,0,390
eats,0,390,0,390
Onion,0,390,0,390
the,1,391,1,391
Onion,1,391,0,391
eats,1,391,0,391
Bison,1,391,0,391
the,0,392,1,392
Turkey,0,392,0,392
eats,0,392,0,392
Artichoke,0,392,0,392
the,1,393,1,393
Artichoke,1,393,0,393
eats,1,393,0,393
Turkey,1,393,0,393
the,0,394,1,394
Giraffe,0,394,0,394
eats,0,394,0,394
Asparagus,0,394,0,394
the,1,395,1,395
Asparagus,1,395,0,395
eats,1,395,0,395
Giraffe,1,395,0,395
the,0,396,1,396
Ferret,0,396,0,396
eats,0,396,0,396
Daikon,0,396,0,396
the,1,397,1,397
Daikon,1,397,0,397
eats,1,397,0,397
Ferret,1,397,0,397
the,0,398,1,398
Ferret,0,398,0,398
eats,0,398,0,398
Cabbage,0,398,0,398
the,1,399,1,399
Cabbage,1,399,0,399
eats,1,399,0,399
Ferret,1,399,0,399
the,0,400,1,400
Horse,0,400,0,400
eats,0,400,0,400
Zucchini,0,400,0,400
the,1,401,1,401
Zucchini,1,401,0,401
eats,1,401,0,401
Horse,1,401,0,401
the,0,402,1,402
Squirrel,0,402,0,402
eats,0,402,0,402
Carrot,0,402,0,402
the,1,403,1,403
Carrot,1,403,0,403
eats,1,403,0,403
Squirrel,1,403,0,403
the,0,404,1,404
Tiger,0,404,0,404
eats,0,404,0,404
Cabbage,0,404,0,404
the,1,405,1,405
Cabbage,1,405,0,405
eats,1,405,0,405
Tiger,1,405,0,405
the,0,406,1,406
Mule,0,406,0,406
eats,0,406,0,406
Beet,0,406,0,406
the,1,407,1,407
Beet,1,407,0,407
eats,1,407,0,407
Mule,1,407,0,407
the,0,408,1,408
Goat,0,408,0,408
eats,0,408,0,408
Cauliflower,0,408,0,408
the,1,409,1,409
Cauliflower,1,409,0,409
eats,1,409,0,409
Goat,1,409,0,409
the,0,410,1,410
Monkey,0,410,0,410
eats,0,410,0,410
Celery,0,410,0,410
the,1,411,1,411
Celery,1,411,0,411
eats,1,411,0,411
Monkey,1,411,0,411
the,0,412,1,412
Squirrel,0,412,0,412
eats,0,412,0,412
Kale,0,412,0,412
the,1,413,1,413
Kale,1,413,0,413
eats,1,413,0,413
Squirrel,1,413,0,413
the,0,414,1,414
Hamster,0,414,0,414
eats,0,414,0,414
Pumpkin,0,414,0,414
the,1,415,1,415
Pumpkin,1,415,0,415
eats,1,415,0,415
Hamster,1,415,0,415
the,0,416,1,416
Rabbit,0,416,0,416
eats,0,416,0,416
Spinach,0,416,0,416
the,1,417,1,417
Spinach,1,417,0,417
eats,1,417,0,417
Rabbit,1,417,0,417
the,0,418,1,418
Zebra,0,418,0,418
eats,0,418,0,418
Cauliflower,0,418,0,418
the,1,419,1,419
Cauliflower,1,419,0,419
eats,1,419,0,419
Zebra,1,419,0,419
the,0,420,1,420
Antelope,0,420,0,420
eats,0,420,0,420
Pepper,0,420,0,420
the,1,421,1,421
Pepper,1,421,0,421
eats,1,421,0,421
Antelope,1,421,0,421
the,0,422,1,422
Mule,0,422,0,422
eats,0,422,0,422
Eggplant,0,422,0,422
the,1,423,1,423
Eggplant,1,423,0,423
eats,1,423,0,423
Mule,1,423,0,423
the,0,424,1,424
Ape,0,424,0,424
eats,0,424,0,424
Mushroom,0,424,0,424
the,1,425,1,425
Mushroom,1,425,0,425
eats,1,425,0,425
Ape,1,425,0,425
the,0,426,1,426
Camel,0,426,0,426
eats,0,426,0,426
Broccoli,0,426,0,426
the,1,427,1,427
Broccoli,1,427,0,427
eats,1,427,0,427
Camel,1,427,0,427
the,0,428,1,428
Elephant,0,428,0,428
eats,0,428,0,428
Radish,0,428,0,428
the,1,429,1,429
Radish,1,429,0,429
eats,1,429,0,429
Elephant,1,429,0,429
the,0,430,1,430
Camel,0,430,0,430
eats,0,430,0,430
Cauliflower,0,430,0,430
the,1,431,1,431
Cauliflower,1,431,0,431
eats,1,431,0,431
Camel,1,431,0,431
the,0,432,1,432
Turkey,0,432,0,432
eats,0,432,0,432
Pepper,0,432,0,432
the,1,433,1,433
Pepper,1,433,0,433
eats,1,433,0,433
Turkey,1,433,0,433
the,0,434,1,434
Ape,0,434,0,434
eats,0,434,0,434
Zucchini,0,434,0,434
the,1,435,1,435
Zucchini,1,435,0,435
eats,1,435,0,435
Ape,1,435,0,435
the,0,436,1,436
Hamster,0,436,0,436
eats,0,436,0,436
Pea,0,436,0,436
the,1,437,1,437
Pea,1,437,0,437
eats,1,437,0,437
Hamster,1,437,0,437
the,0,438,1,438
Dog,0,438,0,438
eats,0,438,0,438
Artichoke,0,438,0,438
the,1,439,1,439
Artichoke,1,439,0,439
eats,1,439,0,439
Dog,1,439,0,439
the,0,440,1,440
Donkey,0,440,0,440
eats,0,440,0,440
Lettuce,0,440,0,440
the,1,441,1,441
Lettuce,1,441,0,441
eats,1,441,0,441
Donkey,1,441,0,441
the,0,442,1,442
Cat,0,442,0,442
eats,0,442,0,442
Basil,0,442,0,442
the,1,443,1,443
Basil,1,443,0,443
eats,1,443,0,443
Cat,1,443,0,443
the,0,444,1,444
Zebra,0,444,0,444
eats,0,444,0,444
Turnip,0,444,0,444
the,1,445,1,445
Turnip,1,445,0,445
eats,1,445,0,445
Zebra,1,445,0,445
the,0,446,1,446
Boar,0,446,0,446
eats,0,446,0,446
Potato,0,446,0,446
the,1,447,1,447
Potato,1,447,0,447
eats,1,447,0,447
Boar,1,447,0,447
the,0,448,1,448
Bison,0,448,0,448
eats,0,448,0,448
Celery,0,448,0,448
the,1,449,1,449
Celery,1,449,0,449
eats,1,449,0,449
Bison,1,449,0,449
the,0,450,1,450
Giraffe,0,450,0,450
eats,0,450,0,450
Cucumber,0,450,0,450
the,1,451,1,451
Cucumber,1,451,0,451
eats,1,451,0,451
Giraffe,1,451,0,451
the,0,452,1,452
Buffalo,0,452,0,452
eats,0,452,0,452
Eggplant,0,452,0,452
the,1,453,1,453
Eggplant,1,453,0,453
eats,1,453,0,453
Buffalo,1,453,0,453
the,0,454,1,454
Sheep,0,454,0,454
eats,0,454,0,454
Eggplant,0,454,0,454
the,1,455,1,455
Eggplant,1,455,0,455
eats,1,455,0,455
Sheep,1,455,0,455
the,0,456,1,456
Donkey,0,456,0,456
eats,0,456,0,456
Pumpkin,0,456,0,456
the,1,457,1,457
Pumpkin,1,457,0,457
eats,1,457,0,457
Donkey,1,457,0,457
the,0,458,1,458
Gazelle,0,458,0,458
eats,0,458,0,458
Daikon,0,458,0,458
the,1,459,1,459
Daikon,1,459,0,459
eats,1,459,0,459
Gazelle,1,459,0,459
the,0,460,1,460
Deer,0,460,0,460
eats,0,460,0,460
Wheatgrass,0,460,0,460
the,1,461,1,461
Wheatgrass,1,461,0,461
eats,1,461,0,461
Deer,1,461,0,461
the,0,462,1,462
Giraffe,0,462,0,462
eats,0,462,0,462
Celery,0,462,0,462
the,1,463,1,463
Celery,1,463,0,463
eats,1,463,0,463
Giraffe,1,463,0,463
the,0,464,1,464
Fox,0,464,0,464
eats,0,464,0,464
Cabbage,0,464,0,464
the,1,465,1,465
Cabbage,1,465,0,465
eats,1,465,0,465
Fox,1,465,0,465
the,0,466,1,466
Bear,0,466,0,466
eats,0,466,0,466
Pumpkin,0,466,0,466
the,1,467,1,467
Pumpkin,1,467,0,467
eats,1,467,0,467
Bear,1,467,0,467
the,0,468,1,468
Camel,0,468,0,468
eats,0,468,0,468
Cucumber,0,468,0,468
the,1,469,1,469
Cucumber,1,469,0,469
eats,1,469,0,469
Camel,1,469,0,469
the,0,470,1,470
Rabbit,0,470,0,470
eats,0,470,0,470
Wheatgrass,0,470,0,470
the,1,471,1,471
Wheatgrass,1,471,0,471
eats,1,471,0,471
Rabbit,1,471,0,471
the,0,472,1,472
Chicken,0,472,0,472
eats,0,472,0,472
Eggplant,0,472,0,472
the,1,473,1,473
Eggplant,1,473,0,473
eats,1,473,0,473
Chicken,1,473,0,473
the,0,474,1,474
Giraffe,0,474,0,474
eats,0,474,0,474
Wheatgrass,0,474,0,474
the,1,475,1,475
Wheatgrass,1,475,0,475
eats,1,475,0,475
Giraffe,1,475,0,475
the,0,476,1,476
Hare,0,476,0,476
eats,0,476,0,476
Beet,0,476,0,476
the,1,477,1,477
Beet,1,477,0,477
eats,1,477,0,477
Hare,1,477,0,477
the,0,478,1,478
Rabbit,0,478,0,478
eats,0,478,0,478
Cauliflower,0,478,0,478
the,1,479,1,479
Cauliflower,1,479,0,479
eats,1,479,0,479
Rabbit,1,479,0,479
the,0,480,1,480
Camel,0,480,0,480
eats,0,480,0,480
Turnip,0,480,0,480
the,1,481,1,481
Turnip,1,481,0,481
eats,1,481,0,481
Camel,1,481,0,481
the,0,482,1,482
Sheep,0,482,0,482
eats,0,482,0,482
Pumpkin,0,482,0,482
the,1,483,1,483
Pumpkin,1,483,0,483
eats,1,483,0,483
Sheep,1,483,0,483
the,0,484,1,484
Hamster,0,484,0,484
eats,0,484,0,484
Cabbage,0,484,0,484
the,1,485,1,485
Cabbage,1,485,0,485
eats,1,485,0,485
Hamster,1,485,0,485
the,0,486,1,486
Goat,0,486,0,486
eats,0,486,0,486
Broccoli,0,486,0,486
the,1,487,1,487
Broccoli,1,487,0,487
eats,1,487,0,487
Goat,1,487,0,487
the,0,488,1,488
Bear,0,488,0,488
eats,0,488,0,488
Potato,0,488,0,488
the,1,489,1,489
Potato,1,489,0,489
eats,1,489,0,489
Bear,1,489,0,489
the,0,490,1,490
Bear,0,490,0,490
eats,0,490,0,490
Asparagus,0,490,0,490
the,1,491,1,491
Asparagus,1,491,0,491
eats,1,491,0,491
Bear,1,491,0,491
the,0,492,1,492
Kangaroo,0,492,0,492
eats,0,492,0,492
Pumpkin,0,492,0,492
the,1,493,1,493
Pumpkin,1,493,0,493
eats,1,493,0,493
Kangaroo,1,493,0,493
the,0,494,1,494
Cow,0,494,0,494
eats,0,494,0,494
Pepper,0,494,0,494
the,1,495,1,495
Pepper,1,495,0,495
eats,1,495,0,495
Cow,1,495,0,495
the,0,496,1,496
Mule,0,496,0,496
eats,0,496,0,496
Cucumber,0,496,0,496
the,1,497,1,497
Cucumber,1,497,0,497
eats,1,497,0,497
Mule,1,497,0,497
the,0,498,1,498
Bear,0,498,0,498
eats,0,498,0,498
Celery,0,498,0,498
the,1,499,1,499
Celery,1,499,0,499
eats,1,499,0,499
Bear,1,499,0,499
the,0,500,1,500
Zebra,0,500,0,500
eats,0,500,0,500
Spinach,0,500,0,500
the,1,501,1,501
Spinach,1,501,0,501
eats,1,501,0,501
Zebra,1,501,0,501
the,0,502,1,502
Hamster,0,502,0,502
eats,0,502,0,502
Lettuce,0,502,0,502
the,1,503,1,503
Lettuce,1,503,0,503
eats,1,503,0,503
Hamster,1,503,0,503
the,0,504,1,504
Bear,0,504,0,504
eats,0,504,0,504
Pepper,0,504,0,504
the,1,505,1,505
Pepper,1,505,0,505
eats,1,505,0,505
Bear,1,505,0,505
the,0,506,1,506
Hare,0,506,0,506
eats,0,506,0,506
Onion,0,506,0,506
the,1,507,1,507
Onion,1,507,0,507
eats,1,507,0,507
Hare,1,507,0,507
the,0,508,1,508
Kangaroo,0,508,0,508
eats,0,508,0,508
Radish,0,508,0,508
the,1,509,1,509
Radish,1,509,0,509
eats,1,509,0,509
Kangaroo,1,509,0,509
the,0,510,1,510
Fox,0,510,0,510
eats,0,510,0,510
Artichoke,0,510,0,510
the,1,511,1,511
Artichoke,1,511,0,511
eats,1,511,0,511
Fox,1,511,0,511
the,0,512,1,512
Camel,0,512,0,512
eats,0,512,0,512
Kale,0,512,0,512
the,1,513,1,513
Kale,1,513,0,513
eats,1,513,0,513
Camel,1,513,0,513
the,0,514,1,514
Ferret,0,514,0,514
eats,0,514,0,514
Eggplant,0,514,0,514
the,1,515,1,515
Eggplant,1,515,0,515
eats,1,515,0,515
Ferret,1,515,0,515
the,0,516,1,516
Cow,0,516,0,516
eats,0,516,0,516
Cabbage,0,516,0,516
the,1,517,1,517
Cabbage,1,517,0,517
eats,1,517,0,517
Cow,1,517,0,517
the,0,518,1,518
Horse,0,518,0,518
eats,0,518,0,518
Potato,0,518,0,518
the,1,519,1,519
Potato,1,519,0,519
eats,1,519,0,519
Horse,1,519,0,519
the,0,520,1,520
Goose,0,520,0,520
eats,0,520,0,520
Radish,0,520,0,520
the,1,521,1,521
Radish,1,521,0,521
eats,1,521,0,521
Goose,1,521,0,521
the,0,522,1,522
Turkey,0,522,0,522
eats,0,522,0,522
Wheatgrass,0,522,0,522
the,1,523,1,523
Wheatgrass,1,523,0,523
eats,1,523,0,523
Turkey,1,523,0,523
the,0,524,1,524
Sheep,0,524,0,524
eats,0,524,0,524
Mushroom,0,524,0,524
the,1,525,1,525
Mushroom,1,525,0,525
eats,1,525,0,525
Sheep,1,525,0,525
the,0,526,1,526
Buffalo,0,526,0,526
eats,0,526,0,526
Cabbage,0,526,0,526
the,1,527,1,527
Cabbage,1,527,0,527
eats,1,527,0,527
Buffalo,1,527,0,527
the,0,528,1,528
Gazelle,0,528,0,528
eats,0,528,0,528
Cabbage,0,528,0,528
the,1,529,1,529
Cabbage,1,529,0,529
eats,1,529,0,529
Gazelle,1,529,0,529
the,0,530,1,530
Gazelle,0,530,0,530
eats,0,530,0,530
Artichoke,0,530,0,530
the,1,531,1,531
Artichoke,1,531,0,531
eats,1,531,0,531
Gazelle,1,531,0,531
the,0,532,1,532
Chicken,0,532,0,532
eats,0,532,0,532
Wheatgrass,0,532,0,532
the,1,533,1,533
Wheatgrass,1,533,0,533
eats,1,533,0,533
Chicken,1,533,0,533
the,0,534,1,534
Elk,0,534,0,534
eats,0,534,0,534
Eggplant,0,534,0,534
the,1,535,1,535
Eggplant,1,535,0,535
eats,1,535,0,535
Elk,1,535,0,535
the,0,536,1,536
Hamster,0,536,0,536
eats,0,536,0,536
Cauliflower,0,536,0,536
the,1,537,1,537
Cauliflower,1,537,0,537
eats,1,537,0,537
Hamster,1,537,0,537
the,0,538,1,538
Bison,0,538,0,538
eats,0,538,0,538
Radish,0,538,0,538
the,1,539,1,539
Radish,1,539,0,539
eats,1,539,0,539
Bison,1,539,0,539
the,0,540,1,540
Gazelle,0,540,0,540
eats,0,540,0,540
Onion,0,540,0,540
the,1,541,1,541
Onion,1,541,0,541
eats,1,541,0,541
Gazelle,1,541,0,541
the,0,542,1,542
Pig,0,542,0,542
eats,0,542,0,542
Pumpkin,0,542,0,542
the,1,543,1,543
Pumpkin,1,543,0,543
eats,1,543,0,543
Pig,1,543,0,543
the,0,544,1,544
Deer,0,544,0,544
eats,0,544,0,544
Cauliflower,0,544,0,544
the,1,545,1,545
Cauliflower,1,545,0,545
eats,1,545,0,545
Deer,1,545,0,545
the,0,546,1,546
Lion,0,546,0,546
eats,0,546,0,546
Basil,0,546,0,546
the,1,547,1,547
Basil,1,547,0,547
eats,1,547,0,547
Lion,1,547,0,547
the,0,548,1,548
Fox,0,548,0,548
eats,0,548,0,548
Mushroom,0,548,0,548
the,1,549,1,549
Mushroom,1,549,0,549
eats,1,549,0,549
Fox,1,549,0,549
the,0,550,1,550
Elephant,0,550,0,550
eats,0,550,0,550
Artichoke,0,550,0,550
the,1,551,1,551
Artichoke,1,551,0,551
eats,1,551,0,551
Elephant,1,551,0,551
the,0,552,1,552
Kangaroo,0,552,0,552
eats,0,552,0,552
Daikon,0,552,0,552
the,1,553,1,553
Daikon,1,553,0,553
eats,1,553,0,553
Kangaroo,1,553,0,553
the,0,554,1,554
Pig,0,554,0,554
eats,0,554,0,554
Broccoli,0,554,0,554
the,1,555,1,555
Broccoli,1,555,0,555
eats,1,555,0,555
Pig,1,555,0,555
the,0,556,1,556
Pig,0,556,0,556
eats,0,556,0,556
Pepper,0,556,0,556
the,1,557,1,557
Pepper,1,557,0,557
eats,1,557,0,557
Pig,1,557,0,557
the,0,558,1,558
Squirrel,0,558,0,558
eats,0,558,0,558
Broccoli,0,558,0,558
the,1,559,1,559
Broccoli,1,559,0,559
eats,1,559,0,559
Squirrel,1,559,0,559
the,0,560,1,560
Donkey,0,560,0,560
eats,0,560,0,560
Artichoke,0,560,0,560
the,1,561,1,561
Artichoke,1,561,0,561
eats,1,561,0,561
Donkey,1,561,0,561
the,0,562,1,562
Gazelle,0,562,0,562
eats,0,562,0,562
Pepper,0,562,0,562
the,1,563,1,563
Pepper,1,563,0,563
eats,1,563,0,563
Gazelle,1,563,0,563
the,0,564,1,564
Dog,0,564,0,564
eats,0,564,0,564
Pepper,0,564,0,564
the,1,565,1,565
Pepper,1,565,0,565
eats,1,565,0,565
Dog,1,565,0,565
the,0,566,1,566
Hare,0,566,0,566
eats,0,566,0,566
Mushroom,0,566,0,566
the,1,567,1,567
Mushroom,1,567,0,567
eats,1,567,0,567
Hare,1,567,0,567
the,0,568,1,568
Lion,0,568,0,568
eats,0,568,0,568
Spinach,0,568,0,568
the,1,569,1,569
Spinach,1,569,0,569
eats,1,569,0,569
Lion,1,569,0,569
the,0,570,1,570
Hare,0,570,0,570
eats,0,570,0,570
Eggplant,0,570,0,570
the,1,571,1,571
Eggplant,1,571,0,571
eats,1,571,0,571
Hare,1,571,0,571
the,0,572,1,572
Rabbit,0,572,0,572
eats,0,572,0,572
Beet,0,572,0,572
the,1,573,1,573
Beet,1,573,0,573
eats,1,573,0,573
Rabbit,1,573,0,573
the,0,574,1,574
Monkey,0,574,0,574
eats,0,574,0,574
Lettuce,0,574,0,574
the,1,575,1,575
Lettuce,1,575,0,575
eats,1,575,0,575
Monkey,1,575,0,575
the,0,576,1,576
Dog,0,576,0,576
eats,0,576,0,576
Cabbage,0,576,0,576
the,1,577,1,577
Cabbage,1,577,0,577
eats,1,577,0,577
Dog,1,577,0,577
the,0,578,1,578
Chicken,0,578,0,578
eats,0,578,0,578
Kale,0,578,0,578
the,1,579,1,579
Kale,1,579,0,579
eats,1,579,0,579
Chicken,1,579,0,579
the,0,580,1,580
Rabbit,0,580,0,580
eats,0,580,0,580
Pumpkin,0,580,0,580
the,1,581,1,581
Pumpkin,1,581,0,581
eats,1,581,0,581
Rabbit,1,581,0,581
the,0,582,1,582
Hamster,0,582,0,582
eats,0,582,0,582
Broccoli,0,582,0,582
the,1,583,1,583
Broccoli,1,583,0,583
eats,1,583,0,583
Hamster,1,583,0,583
the,0,584,1,584
Bison,0,584,0,584
eats,0,584,0,584
Carrot,0,584,0,584
the,1,585,1,585
Carrot,1,585,0,585
eats,1,585,0,585
Bison,1,585,0,585
the,0,586,1,586
Elk,0,586,0,586
eats,0,586,0,586
Tomato,0,586,0,586
the,1,587,1,587
Tomato,1,587,0,587
eats,1,587,0,587
Elk,1,587,0,587
the,0,588,1,588
Hamster,0,588,0,588
eats,0,588,0,588
Daikon,0,588,0,588
the,1,589,1,589
Daikon,1,589,0,589
eats,1,589,0,589
Hamster,1,589,0,589
the,0,590,1,590
Goat,0,590,0,590
eats,0,590,0,590
Celery,0,590,0,590
the,1,591,1,591
Celery,1,591,0,591
eats,1,591,0,591
Goat,1,591,0,591
the,0,592,1,592
Sheep,0,592,0,592
eats,0,592,0,592
Radish,0,592,0,592
the,1,593,1,593
Radish,1,593,0,593
eats,1,593,0,593
Sheep,1,593,0,593
the,0,594,1,594
Bear,0,594,0,594
eats,0,594,0,594
Wheatgrass,0,594,0,594
the,1,595,1,595
Wheatgrass,1,595,0,595
eats,1,595,0,595
Bear,1,595,0,595
the,0,596,1,596
Mule,0,596,0,596
eats,0,596,0,596
Spinach,0,596,0,596
the,1,597,1,597
Spinach,1,597,0,597
eats,1,597,0,597
Mule,1,597,0,597
the,0,598,1,598
Lion,0,598,0,598
eats,0,598,0,598
Daikon,0,598,0,598
the,1,599,1,599
Daikon,1,599,0,599
eats,1,599,0,599
Lion,1,599,0,599
the,0,600,1,600
Kangaroo,0,600,0,600
eats,0,600,0,600
Wheatgrass,0,600,0,600
the,1,601,1,601
Wheatgrass,1,601,0,601
eats,1,601,0,601
Kangaroo,1,601,0,601
the,0,602,1,602
Tiger,0,602,0,602
eats,0,602,0,602
Cauliflower,0,602,0,602
the,1,603,1,603
Cauliflower,1,603,0,603
eats,1,603,0,603
Tiger,1,603,0,603
the,0,604,1,604
Zebra,0,604,0,604
eats,0,604,0,604
Wheatgrass,0,604,0,604
the,1,605,1,605
Wheatgrass,1,605,0,605
eats,1,605,0,605
Zebra,1,605,0,605
the,0,606,1,606
Elephant,0,606,0,606
eats,0,606,0,606
Carrot,0,606,0,606
the,1,607,1,607
Carrot,1,607,0,607
eats,1,607,0,607
Elephant,1,607,0,607
the,0,608,1,608
Giraffe,0,608,0,608
eats,0,608,0,608
Broccoli,0,608,0,608
the,1,609,1,609
Broccoli,1,609,0,609
eats,1,609,0,609
Giraffe,1,609,0,609
the,0,610,1,610
Horse,0,610,0,610
eats,0,610,0,610
Spinach,0,610,0,610
the,1,611,1,611
Spinach,1,611,0,611
eats,1,611,0,611
Horse,1,611,0,611
the,0,612,1,612
Mule,0,612,0,612
eats,0,612,0,612
Artichoke,0,612,0,612
the,1,613,1,613
Artichoke,1,613,0,613
eats,1,613,0,613
Mule,1,613,0,613
the,0,614,1,614
Monkey,0,614,0,614
eats,0,614,0,614
Broccoli,0,614,0,614
the,1,615,1,615
Broccoli,1,615,0,615
eats,1,615,0,615
Monkey,1,615,0,615
the,0,616,1,616
Squirrel,0,616,0,616
eats,0,616,0,616
Eggplant,0,616,0,616
the,1,617,1,617
Eggplant,1,617,0,617
eats,1,617,0,617
Squirrel,1,617,0,617
the,0,618,1,618
Fox,0,618,0,618
eats,0,618,0,618
Broccoli,0,618,0,618
the,1,619,1,619
Broccoli,1,619,0,619
eats,1,619,0,619
Fox,1,619,0,619
the,0,620,1,620
Gazelle,0,620,0,620
eats,0,620,0,620
Kale,0,620,0,620
the,1,621,1,621
Kale,1,621,0,621
eats,1,621,0,621
Gazelle,1,621,0,621
the,0,622,1,622
Turkey,0,622,0,622
eats,0,622,0,622
Tomato,0,622,0,622
the,1,623,1,623
Tomato,1,623,0,623
eats,1,623,0,623
Turkey,1,623,0,623
the,0,624,1,624
Deer,0,624,0,624
eats,0,624,0,624
Cabbage,0,624,0,624
the,1,625,1,625
Cabbage,1,625,0,625
eats,1,625,0,625
Deer,1,625,0,625
the,0,626,1,626
Rabbit,0,626,0,626
eats,0,626,0,626
Mushroom,0,626,0,626
the,1,627,1,627
Mushroom,1,627,0,627
eats,1,627,0,627
Rabbit,1,627,0,627
the,0,628,1,628
Ape,0,628,0,628
eats,0,628,0,628
Wheatgrass,0,628,0,628
the,1,629,1,629
Wheatgrass,1,629,0,629
eats,1,629,0,629
Ape,1,629,0,629
the,0,630,1,630
Hare,0,630,0,630
eats,0,630,0,630
Celery,0,630,0,630
the,1,631,1,631
Celery,1,631,0,631
eats,1,631,0,631
Hare,1,631,0,631
the,0,632,1,632
Camel,0,632,0,632
eats,0,632,0,632
Eggplant,0,632,0,632
the,1,633,1,633
Eggplant,1,633,0,633
eats,1,633,0,633
Camel,1,633,0,633
the,0,634,1,634
Bison,0,634,0,634
eats,0,634,0,634
Lettuce,0,634,0,634
the,1,635,1,635
Lettuce,1,635,0,635
eats,1,635,0,635
Bison,1,635,0,635
the,0,636,1,636
Ape,0,636,0,636
eats,0,636,0,636
Cucumber,0,636,0,636
the,1,637,1,637
Cucumber,1,637,0,637
eats,1,637,0,637
Ape,1,637,0,637
the,0,638,1,638
Squirrel,0,638,0,638
eats,0,638,0,638
Mushroom,0,638,0,638
the,1,639,1,639
Mushroom,1,639,0,639
eats,1,639,0,639
Squirrel,1,639,0,639
the,0,640,1,640
Antelope,0,640,0,640
eats,0,640,0,640
Basil,0,640,0,640
the,1,641,1,641
Basil,1,641,0,641
eats,1,641,0,641
Antelope,1,641,0,641
the,0,642,1,642
Bear,0,642,0,642
eats,0,642,0,642
Artichoke,0,642,0,642
the,1,643,1,643
Artichoke,1,643,0,643
eats,1,643,0,643
Bear,1,643,0,643
the,0,644,1,644
Cat,0,644,0,644
eats,0,644,0,644
Onion,0,644,0,644
the,1,645,1,645
Onion,1,645,0,645
eats,1,645,0,645
Cat,1,645,0,645
the,0,646,1,646
Cow,0,646,0,646
eats,0,646,0,646
Cucumber,0,646,0,646
the,1,647,1,647
Cucumber,1,647,0,647
eats,1,647,0,647
Cow,1,647,0,647
the,0,648,1,648
Elephant,0,648,0,648
eats,0,648,0,648
Beet,0,648,0,648
the,1,649,1,649
Beet,1,649,0,649
eats,1,649,0,649
Elephant,1,649,0,649
the,0,650,1,650
Mule,0,650,0,650
eats,0,650,0,650
Pumpkin,0,650,0,650
the,1,651,1,651
Pumpkin,1,651,0,651
eats,1,651,0,651
Mule,1,651,0,651
the,0,652,1,652
Ape,0,652,0,652
eats,0,652,0,652
Pumpkin,0,652,0,652
the,1,653,1,653
Pumpkin,1,653,0,653
eats,1,653,0,653
Ape,1,653,0,653
the,0,654,1,654
Donkey,0,654,0,654
eats,0,654,0,654
Zucchini,0,654,0,654
the,1,655,1,655
Zucchini,1,655,0,655
eats,1,655,0,655
Donkey,1,655,0,655
the,0,656,1,656
Ferret,0,656,0,656
eats,0,656,0,656
Tomato,0,656,0,656
the,1,657,1,657
Tomato,1,657,0,657
eats,1,657,0,657
Ferret,1,657,0,657
the,0,658,1,658
Rabbit,0,658,0,658
eats,0,658,0,658
Carrot,0,658,0,658
the,1,659,1,659
Carrot,1,659,0,659
eats,1,659,0,659
Rabbit,1,659,0,659
the,0,660,1,660
Elk,0,660,0,660
eats,0,660,0,660
Carrot,0,660,0,660
the,1,661,1,661
Carrot,1,661,0,661
eats,1,661,0,661
Elk,1,661,0,661
the,0,662,1,662
Tiger,0,662,0,662
eats,0,662,0,662
Pumpkin,0,662,0,662
the,1,663,1,663
Pumpkin,1,663,0,663
eats,1,663,0,663
Tiger,1,663,0,663
the,0,664,1,664
Gazelle,0,664,0,664
eats,0,664,0,664
Potato,0,664,0,664
the,1,665,1,665
Potato,1,665,0,665
eats,1,665,0,665
Gazelle,1,665,0,665
the,0,666,1,666
Elk,0,666,0,666
eats,0,666,0,666
Potato,0,666,0,666
the,1,667,1,667
Potato,1,667,0,667
eats,1,667,0,667
Elk,1,667,0,667
the,0,668,1,668
Chicken,0,668,0,668
eats,0,668,0,668
Potato,0,668,0,668
the,1,669,1,669
Potato,1,669,0,669
eats,1,669,0,669
Chicken,1,669,0,669
the,0,670,1,670
Ape,0,670,0,670
eats,0,670,0,670
Artichoke,0,670,0,670
the,1,671,1,671
Artichoke,1,671,0,671
eats,1,671,0,671
Ape,1,671,0,671
the,0,672,1,672
Deer,0,672,0,672
eats,0,672,0,672
Artichoke,0,672,0,672
the,1,673,1,673
Artichoke,1,673,0,673
eats,1,673,0,673
Deer,1,673,0,673
the,0,674,1,674
Fox,0,674,0,674
eats,0,674,0,674
Kale,0,674,0,674
the,1,675,1,675
Kale,1,675,0,675
eats,1,675,0,675
Fox,1,675,0,675
the,0,676,1,676
Horse,0,676,0,676
eats,0,676,0,676
Turnip,0,676,0,676
the,1,677,1,677
Turnip,1,677,0,677
eats,1,677,0,677
Horse,1,677,0,677
the,0,678,1,678
Boar,0,678,0,678
eats,0,678,0,678
Eggplant,0,678,0,678
the,1,679,1,679
Eggplant,1,679,0,679
eats,1,679,0,679
Boar,1,679,0,679
the,0,680,1,680
Lion,0,680,0,680
eats,0,680,0,680
Carrot,0,680,0,680
the,1,681,1,681
Carrot,1,681,0,681
eats,1,681,0,681
Lion,1,681,0,681
the,0,682,1,682
Tiger,0,682,0,682
eats,0,682,0,682
Eggplant,0,682,0,682
the,1,683,1,683
Eggplant,1,683,0,683
eats,1,683,0,683
Tiger,1,683,0,683
the,0,684,1,684
Pig,0,684,0,684
eats,0,684,0,684
Eggplant,0,684,0,684
the,1,685,1,685
Eggplant,1,685,0,685
eats,1,685,0,685
Pig,1,685,0,685
the,0,686,1,686
Horse,0,686,0,686
eats,0,686,0,686
Cabbage,0,686,0,686
the,1,687,1,687
Cabbage,1,687,0,687
eats,1,687,0,687
Horse,1,687,0,687
the,0,688,1,688
Ape,0,688,0,688
eats,0,688,0,688
Daikon,0,688,0,688
the,1,689,1,689
Daikon,1,689,0,689
eats,1,689,0,689
Ape,1,689,0,689
the,0,690,1,690
Cow,0,690,0,690
eats,0,690,0,690
Eggplant,0,690,0,690
the,1,691,1,691
Eggplant,1,691,0,691
eats,1,691,0,691
Cow,1,691,0,691
the,0,692,1,692
Donkey,0,692,0,692
eats,0,692,0,692
Tomato,0,692,0,692
the,1,693,1,693
Tomato,1,693,0,693
eats,1,693,0,693
Donkey,1,693,0,693
the,0,694,1,694
Donkey,0,694,0,694
eats,0,694,0,694
Mushroom,0,694,0,694
the,1,695,1,695
Mushroom,1,695,0,695
eats,1,695,0,695
Donkey,1,695,0,695
the,0,696,1,696
Elephant,0,696,0,696
eats,0,696,0,696
Cucumber,0,696,0,696
the,1,697,1,697
Cucumber,1,697,0,697
eats,1,697,0,697
Elephant,1,697,0,697
the,0,698,1,698
Cat,0,698,0,698
eats,0,698,0,698
Asparagus,0,698,0,698
the,1,699,1,699
Asparagus,1,699,0,699
eats,1,699,0,699
Cat,1,699,0,699
the,0,700,1,700
Squirrel,0,700,0,700
eats,0,700,0,700
Artichoke,0,700,0,700
the,1,701,1,701
Artichoke,1,701,0,701
eats,1,701,0,701
Squirrel,1,701,0,701
the,0,702,1,702
Goat,0,702,0,702
eats,0,702,0,702
Wheatgrass,0,702,0,702
the,1,703,1,703
Wheatgrass,1,703,0,703
eats,1,703,0,703
Goat,1,703,0,703
the,0,704,1,704
Rabbit,0,704,0,704
eats,0,704,0,704
Zucchini,0,704,0,704
the,1,705,1,705
Zucchini,1,705,0,705
eats,1,705,0,705
Rabbit,1,705,0,705
the,0,706,1,706
Lion,0,706,0,706
eats,0,706,0,706
Cabbage,0,706,0,706
the,1,707,1,707
Cabbage,1,707,0,707
eats,1,707,0,707
Lion,1,707,0,707
the,0,708,1,708
Kangaroo,0,708,0,708
eats,0,708,0,708
Turnip,0,708,0,708
the,1,709,1,709
Turnip,1,709,0,709
eats,1,709,0,709
Kangaroo,1,709,0,709
the,0,710,1,710
Lion,0,710,0,710
eats,0,710,0,710
Radish,0,710,0,710
the,1,711,1,711
Radish,1,711,0,711
eats,1,711,0,711
Lion,1,711,0,711
the,0,712,1,712
Antelope,0,712,0,712
eats,0,712,0,712
Potato,0,712,0,712
the,1,713,1,713
Potato,1,713,0,713
eats,1,713,0,713
Antelope,1,713,0,713
the,0,714,1,714
Rabbit,0,714,0,714
eats,0,714,0,714
Pea,0,714,0,714
the,1,715,1,715
Pea,1,715,0,715
eats,1,715,0,715
Rabbit,1,715,0,715
the,0,716,1,716
Boar,0,716,0,716
eats,0,716,0,716
Beet,0,716,0,716
the,1,717,1,717
Beet,1,717,0,717
eats,1,717,0,717
Boar,1,717,0,717
the,0,718,1,718
Tiger,0,718,0,718
eats,0,718,0,718
Asparagus,0,718,0,718
the,1,719,1,719
Asparagus,1,719,0,719
eats,1,719,0,719
Tiger,1,719,0,719
the,0,720,1,720
Monkey,0,720,0,720
eats,0,720,0,720
Pepper,0,720,0,720
the,1,721,1,721
Pepper,1,721,0,721
eats,1,721,0,721
Monkey,1,721,0,721
the,0,722,1,722
Kangaroo,0,722,0,722
eats,0,722,0,722
Zucchini,0,722,0,722
the,1,723,1,723
Zucchini,1,723,0,723
eats,1,723,0,723
Kangaroo,1,723,0,723
the,0,724,1,724
Horse,0,724,0,724
eats,0,724,0,724
Wheatgrass,0,724,0,724
the,1,725,1,725
Wheatgrass,1,725,0,725
eats,1,725,0,725
Horse,1,725,0,725
the,0,726,1,726
Cow,0,726,0,726
eats,0,726,0,726
Daikon,0,726,0,726
the,1,727,1,727
Daikon,1,727,0,727
eats,1,727,0,727
Cow,1,727,0,727
the,0,728,1,728
Deer,0,728,0,728
eats,0,728,0,728
Celery,0,728,0,728
the,1,729,1,729
Celery,1,729,0,729
eats,1,729,0,729
Deer,1,729,0,729
the,0,730,1,730
Lion,0,730,0,730
eats,0,730,0,730
Cauliflower,0,730,0,730
the,1,731,1,731
Cauliflower,1,731,0,731
eats,1,731,0,731
Lion,1,731,0,731
the,0,732,1,732
Goat,0,732,0,732
eats,0,732,0,732
Eggplant,0,732,0,732
the,1,733,1,733
Eggplant,1,733,0,733
eats,1,733,0,733
Goat,1,733,0,733
the,0,734,1,734
Rabbit,0,734,0,734
eats,0,734,0,734
Radish,0,734,0,734
the,1,735,1,735
Radish,1,735,0,735
eats,1,735,0,735
Rabbit,1,735,0,735
the,0,736,1,736
Mule,0,736,0,736
eats,0,736,0,736
Kale,0,736,0,736
the,1,737,1,737
Kale,1,737,0,737
eats,1,737,0,737
Mule,1,737,0,737
the,0,738,1,738
Ape,0,738,0,738
eats,0,738,0,738
Radish,0,738,0,738
the,1,739,1,739
Radish,1,739,0,739
eats,1,739,0,739
Ape,1,739,0,739
the,0,740,1,740
Ferret,0,740,0,740
eats,0,740,0,740
Pea,0,740,0,740
the,1,741,1,741
Pea,1,741,0,741
eats,1,741,0,741
Ferret,1,741,0,741
the,0,742,1,742
Deer,0,742,0,742
eats,0,742,0,742
Eggplant,0,742,0,742
the,1,743,1,743
Eggplant,1,743,0,743
eats,1,743,0,743
Deer,1,743,0,743
the,0,744,1,744
Dog,0,744,0,744
eats,0,744,0,744
Daikon,0,744,0,744
the,1,745,1,745
Daikon,1,745,0,745
eats,1,745,0,745
Dog,1,745,0,745
the,0,746,1,746
Gazelle,0,746,0,746
eats,0,746,0,746
Basil,0,746,0,746
the,1,747,1,747
Basil,1,747,0,747
eats,1,747,0,747
Gazelle,1,747,0,747
the,0,748,1,748
Tiger,0,748,0,748
eats,0,748,0,748
Kale,0,748,0,748
the,1,749,1,749
Kale,1,749,0,749
eats,1,749,0,749
Tiger,1,749,0,749
the,0,750,1,750
Turkey,0,750,0,750
eats,0,750,0,750
Cucumber,0,750,0,750
the,1,751,1,751
Cucumber,1,751,0,751
eats,1,751,0,751
Turkey,1,751,0,751
the,0,752,1,752
Bison,0,752,0,752
eats,0,752,0,752
Cucumber,0,752,0,752
the,1,753,1,753
Cucumber,1,753,0,753
eats,1,753,0,753
Bison,1,753,0,753
the,0,754,1,754
Lion,0,754,0,754
eats,0,754,0,754
Cucumber,0,754,0,754
the,1,755,1,755
Cucumber,1,755,0,755
eats,1,755,0,755
Lion,1,755,0,755
the,0,756,1,756
Monkey,0,756,0,756
eats,0,756,0,756
Eggplant,0,756,0,756
the,1,757,1,757
Eggplant,1,757,0,757
eats,1,757,0,757
Monkey,1,757,0,757
the,0,758,1,758
Chicken,0,758,0,758
eats,0,758,0,758
Basil,0,758,0,758
the,1,759,1,759
Basil,1,759,0,759
eats,1,759,0,759
Chicken,1,759,0,759
the,0,760,1,760
Bison,0,760,0,760
eats,0,760,0,760
Potato,0,760,0,760
the,1,761,1,761
Potato,1,761,0,761
eats,1,761,0,761
Bison,1,761,0,761
the,0,762,1,762
Monkey,0,762,0,762
eats,0,762,0,762
Artichoke,0,762,0,762
the,1,763,1,763
Artichoke,1,763,0,763
eats,1,763,0,763
Monkey,1,763,0,763
the,0,764,1,764
Cow,0,764,0,764
eats,0,764,0,764
Carrot,0,764,0,764
the,1,765,1,765
Carrot,1,765,0,765
eats,1,765,0,765
Cow,1,765,0,765
the,0,766,1,766
Fox,0,766,0,766
eats,0,766,0,766
Pumpkin,0,766,0,766
the,1,767,1,767
Pumpkin,1,767,0,767
eats,1,767,0,767
Fox,1,767,0,767
the,0,768,1,768
Bison,0,768,0,768
eats,0,768,0,768
Pumpkin,0,768,0,768
the,1,769,1,769
Pumpkin,1,769,0,769
eats,1,769,0,769
Bison,1,769,0,769
the,0,770,1,770
Mule,0,770,0,770
eats,0,770,0,770
Carrot,0,770,0,770
the,1,771,1,771
Carrot,1,771,0,771
eats,1,771,0,771
Mule,1,771,0,771
the,0,772,1,772
Elk,0,772,0,772
eats,0,772,0,772
Pumpkin,0,772,0,772
the,1,773,1,773
Pumpkin,1,773,0,773
eats,1,773,0,773
Elk,1,773,0,773
the,0,774,1,774
Hare,0,774,0,774
eats,0,774,0,774
Daikon,0,774,0,774
the,1,775,1,775
Daikon,1,775,0,775
eats,1,775,0,775
Hare,1,775,0,775
the,0,776,1,776
Boar,0,776,0,776
eats,0,776,0,776
Cabbage,0,776,0,776
the,1,777,1,777
Cabbage,1,777,0,777
eats,1,777,0,777
Boar,1,777,0,777
the,0,778,1,778
Goat,0,778,0,778
eats,0,778,0,778
Asparagus,0,778,0,778
the,1,779,1,779
Asparagus,1,779,0,779
eats,1,779,0,779
Goat,1,779,0,779
the,0,780,1,780
Camel,0,780,0,780
eats,0,780,0,780
Asparagus,0,780,0,780
the,1,781,1,781
Asparagus,1,781,0,781
eats,1,781,0,781
Camel,1,781,0,781
the,0,782,1,782
Goat,0,782,0,782
eats,0,782,0,782
Pea,0,782,0,782
the,1,783,1,783
Pea,1,783,0,783
eats,1,783,0,783
Goat,1,783,0,783
the,0,784,1,784
Buffalo,0,784,0,784
eats,0,784,0,784
Pumpkin,0,784,0,784
the,1,785,1,785
Pumpkin,1,785,0,785
eats,1,785,0,785
Buffalo,1,785,0,785
the,0,786,1,786
Ferret,0,786,0,786
eats,0,786,0,786
Spinach,0,786,0,786
the,1,787,1,787
Spinach,1,787,0,787
eats,1,787,0,787
Ferret,1,787,0,787
the,0,788,1,788
Bison,0,788,0,788
eats,0,788,0,788
Spinach,0,788,0,788
the,1,789,1,789
Spinach,1,789,0,789
eats,1,789,0,789
Bison,1,789,0,789
the,0,790,1,790
Pig,0,790,0,790
eats,0,790,0,790
Lettuce,0,790,0,790
the,1,791,1,791
Lettuce,1,791,0,791
eats,1,791,0,791
Pig,1,791,0,791
the,0,792,1,792
Rabbit,0,792,0,792
eats,0,792,0,792
Onion,0,792,0,792
the,1,793,1,793
Onion,1,793,0,793
eats,1,793,0,793
Rabbit,1,793,0,793
the,0,794,1,794
Boar,0,794,0,794
eats,0,794,0,794
Pea,0,794,0,794
the,1,795,1,795
Pea,1,795,0,795
eats,1,795,0,795
Boar,1,795,0,795
the,0,796,1,796
Bear,0,796,0,796
eats,0,796,0,796
Carrot,0,796,0,796
the,1,797,1,797
Carrot,1,797,0,797
eats,1,797,0,797
Bear,1,797,0,797
the,0,798,1,798
Donkey,0,798,0,798
eats,0,798,0,798
Basil,0,798,0,798
the,1,799,1,799
Basil,1,799,0,799
eats,1,799,0,799
Donkey,1,799,0,799
the,0,800,1,800
Monkey,0,800,0,800
eats,0,800,0,800
Cabbage,0,800,0,800
the,1,801,1,801
Cabbage,1,801,0,801
eats,1,801,0,801
Monkey,1,801,0,801
the,0,802,1,802
Hamster,0,802,0,802
eats,0,802,0,802
Mushroom,0,802,0,802
the,1,803,1,803
Mushroom,1,803,0,803
eats,1,803,0,803
Hamster,1,803,0,803
the,0,804,1,804
Gazelle,0,804,0,804
eats,0,804,0,804
Zucchini,0,804,0,804
the,1,805,1,805
Zucchini,1,805,0,805
eats,1,805,0,805
Gazelle,1,805,0,805
the,0,806,1,806
Ape,0,806,0,806
eats,0,806,0,806
Lettuce,0,806,0,806
the,1,807,1,807
Lettuce,1,807,0,807
eats,1,807,0,807
Ape,1,807,0,807
the,0,808,1,808
Buffalo,0,808,0,808
eats,0,808,0,808
Artichoke,0,808,0,808
the,1,809,1,809
Artichoke,1,809,0,809
eats,1,809,0,809
Buffalo,1,809,0,809
the,0,810,1,810
Elephant,0,810,0,810
eats,0,810,0,810
Kale,0,810,0,810
the,1,811,1,811
Kale,1,811,0,811
eats,1,811,0,811
Elephant,1,811,0,811
the,0,812,1,812
Fox,0,812,0,812
eats,0,812,0,812
Spinach,0,812,0,812
the,1,813,1,813
Spinach,1,813,0,813
eats,1,813,0,813
Fox,1,813,0,813
the,0,814,1,814
Donkey,0,814,0,814
eats,0,814,0,814
Broccoli,0,814,0,814
the,1,815,1,815
Broccoli,1,815,0,815
eats,1,815,0,815
Donkey,1,815,0,815
the,0,816,1,816
Sheep,0,816,0,816
eats,0,816,0,816
Pepper,0,816,0,816
the,1,817,1,817
Pepper,1,817,0,817
eats,1,817,0,817
Sheep,1,817,0,817
the,0,818,1,818
Turkey,0,818,0,818
eats,0,818,0,818
Eggplant,0,818,0,818
the,1,819,1,819
Eggplant,1,819,0,819
eats,1,819,0,819
Turkey,1,819,0,819
the,0,820,1,820
Fox,0,820,0,820
eats,0,820,0,820
Radish,0,820,0,820
the,1,821,1,821
Radish,1,821,0,821
eats,1,821,0,821
Fox,1,821,0,821
the,0,822,1,822
Giraffe,0,822,0,822
eats,0,822,0,822
Pea,0,822,0,822
the,1,823,1,823
Pea,1,823,0,823
eats,1,823,0,823
Giraffe,1,823,0,823
the,0,824,1,824
Hare,0,824,0,824
eats,0,824,0,824
Radish,0,824,0,824
the,1,825,1,825
Radish,1,825,0,825
eats,1,825,0,825
Hare,1,825,0,825
the,0,826,1,826
Camel,0,826,0,826
eats,0,826,0,826
Daikon,0,826,0,826
the,1,827,1,827
Daikon,1,827,0,827
eats,1,827,0,827
Camel,1,827,0,827
the,0,828,1,828
Gazelle,0,828,0,828
eats,0,828,0,828
Radish,0,828,0,828
the,1,829,1,829
Radish,1,829,0,829
eats,1,829,0,829
Gazelle,1,829,0,829
the,0,830,1,830
Deer,0,830,0,830
eats,0,830,0,830
Turnip,0,830,0,830
the,1,831,1,831
Turnip,1,831,0,831
eats,1,831,0,831
Deer,1,831,0,831
the,0,832,1,832
Monkey,0,832,0,832
eats,0,832,0,832
Pea,0,832,0,832
the,1,833,1,833
Pea,1,833,0,833
eats,1,833,0,833
Monkey,1,833,0,833
the,0,834,1,834
Pig,0,834,0,834
eats,0,834,0,834
Kale,0,834,0,834
the,1,835,1,835
Kale,1,835,0,835
eats,1,835,0,835
Pig,1,835,0,835
the,0,836,1,836
Sheep,0,836,0,836
eats,0,836,0,836
Spinach,0,836,0,836
the,1,837,1,837
Spinach,1,837,0,837
eats,1,837,0,837
Sheep,1,837,0,837
the,0,838,1,838
Tiger,0,838,0,838
eats,0,838,0,838
Lettuce,0,838,0,838
the,1,839,1,839
Lettuce,1,839,0,839
eats,1,839,0,839
Tiger,1,839,0,839
the,0,840,1,840
Hamster,0,840,0,840
eats,0,840,0,840
Radish,0,840,0,840
the,1,841,1,841
Radish,1,841,0,841
eats,1,841,0,841
Hamster,1,841,0,841
the,0,842,1,842
Camel,0,842,0,842
eats,0,842,0,842
Artichoke,0,842,0,842
the,1,843,1,843
Artichoke,1,843,0,843
eats,1,843,0,843
Camel,1,843,0,843
the,0,844,1,844
Bison,0,844,0,844
eats,0,844,0,844
Beet,0,844,0,844
the,1,845,1,845
Beet,1,845,0,845
eats,1,845,0,845
Bison,1,845,0,845
the,0,846,1,846
Monkey,0,846,0,846
eats,0,846,0,846
Mushroom,0,846,0,846
the,1,847,1,847
Mushroom,1,847,0,847
eats,1,847,0,847
Monkey,1,847,0,847
the,0,848,1,848
Giraffe,0,848,0,848
eats,0,848,0,848
Carrot,0,848,0,848
the,1,849,1,849
Carrot,1,849,0,849
eats,1,849,0,849
Giraffe,1,849,0,849
the,0,850,1,850
Elephant,0,850,0,850
eats,0,850,0,850
Mushroom,0,850,0,850
the,1,851,1,851
Mushroom,1,851,0,851
eats,1,851,0,851
Elephant,1,851,0,851
the,0,852,1,852
Sheep,0,852,0,852
eats,0,852,0,852
Tomato,0,852,0,852
the,1,853,1,853
Tomato,1,853,0,853
eats,1,853,0,853
Sheep,1,853,0,853
the,0,854,1,854
Cat,0,854,0,854
eats,0,854,0,854
Cucumber,0,854,0,854
the,1,855,1,855
Cucumber,1,855,0,855
eats,1,855,0,855
Cat,1,855,0,855
the,0,856,1,856
Kangaroo,0,856,0,856
eats,0,856,0,856
Pea,0,856,0,856
the,1,857,1,857
Pea,1,857,0,857
eats,1,857,0,857
Kangaroo,1,857,0,857
the,0,858,1,858
Chicken,0,858,0,858
eats,0,858,0,858
Broccoli,0,858,0,858
the,1,859,1,859
Broccoli,1,859,0,859
eats,1,859,0,859
Chicken,1,859,0,859
the,0,860,1,860
Camel,0,860,0,860
eats,0,860,0,860
Pea,0,860,0,860
the,1,861,1,861
Pea,1,861,0,861
eats,1,861,0,861
Camel,1,861,0,861
the,0,862,1,862
Donkey,0,862,0,862
eats,0,862,0,862
Asparagus,0,862,0,862
the,1,863,1,863
Asparagus,1,863,0,863
eats,1,863,0,863
Donkey,1,863,0,863
the,0,864,1,864
Goose,0,864,0,864
eats,0,864,0,864
Lettuce,0,864,0,864
the,1,865,1,865
Lettuce,1,865,0,865
eats,1,865,0,865
Goose,1,865,0,865
the,0,866,1,866
Rabbit,0,866,0,866
eats,0,866,0,866
Pepper,0,866,0,866
the,1,867,1,867
Pepper,1,867,0,867
eats,1,867,0,867
Rabbit,1,867,0,867
the,0,868,1,868
Turkey,0,868,0,868
eats,0,868,0,868
Carrot,0,868,0,868
the,1,869,1,869
Carrot,1,869,0,869
eats,1,869,0,869
Turkey,1,869,0,869
the,0,870,1,870
Horse,0,870,0,870
eats,0,870,0,870
Pepper,0,870,0,870
the,1,871,1,871
Pepper,1,871,0,871
eats,1,871,0,871
Horse,1,871,0,871
the,0,872,1,872
Elephant,0,872,0,872
eats,0,872,0,872
Lettuce,0,872,0,872
the,1,873,1,873
Lettuce,1,873,0,873
eats,1,873,0,873
Elephant,1,873,0,873
the,0,874,1,874
Donkey,0,874,0,874
eats,0,874,0,874
Pepper,0,874,0,874
the,1,875,1,875
Pepper,1,875,0,875
eats,1,875,0,875
Donkey,1,875,0,875
the,0,876,1,876
Pig,0,876,0,876
eats,0,876,0,876
Spinach,0,876,0,876
the,1,877,1,877
Spinach,1,877,0,877
eats,1,877,0,877
Pig,1,877,0,877
the,0,878,1,878
Bear,0,878,0,878
eats,0,878,0,878
Mushroom,0,878,0,878
the,1,879,1,879
Mushroom,1,879,0,879
eats,1,879,0,879
Bear,1,879,0,879
the,0,880,1,880
Turkey,0,880,0,880
eats,0,880,0,880
Radish,0,880,0,880
the,1,881,1,881
Radish,1,881,0,881
eats,1,881,0,881
Turkey,1,881,0,881
the,0,882,1,882
Boar,0,882,0,882
eats,0,882,0,882
Artichoke,0,882,0,882
the,1,883,1,883
Artichoke,1,883,0,883
eats,1,883,0,883
Boar,1,883,0,883
the,0,884,1,884
Deer,0,884,0,884
eats,0,884,0,884
Onion,0,884,0,884
the,1,885,1,885
Onion,1,885,0,885
eats,1,885,0,885
Deer,1,885,0,885
the,0,886,1,886
Camel,0,886,0,886
eats,0,886,0,886
Spinach,0,886,0,886
the,1,887,1,887
Spinach,1,887,0,887
eats,1,887,0,887
Camel,1,887,0,887
the,0,888,1,888
Cat,0,888,0,888
eats,0,888,0,888
Turnip,0,888,0,888
the,1,889,1,889
Turnip,1,889,0,889
eats,1,889,0,889
Cat,1,889,0,889
the,0,890,1,890
Goat,0,890,0,890
eats,0,890,0,890
Tomato,0,890,0,890
the,1,891,1,891
Tomato,1,891,0,891
eats,1,891,0,891
Goat,1,891,0,891
the,0,892,1,892
Goose,0,892,0,892
eats,0,892,0,892
Turnip,0,892,0,892
the,1,893,1,893
Turnip,1,893,0,893
eats,1,893,0,893
Goose,1,893,0,893
the,0,894,1,894
Bison,0,894,0,894
eats,0,894,0,894
Basil,0,894,0,894
the,1,895,1,895
Basil,1,895,0,895
eats,1,895,0,895
Bison,1,895,0,895
the,0,896,1,896
Ferret,0,896,0,896
eats,0,896,0,896
Broccoli,0,896,0,896
the,1,897,1,897
Broccoli,1,897,0,897
eats,1,897,0,897
Ferret,1,897,0,897
the,0,898,1,898
Rabbit,0,898,0,898
eats,0,898,0,898
Broccoli,0,898,0,898
the,1,899,1,899
Broccoli,1,899,0,899
eats,1,899,0,899
Rabbit,1,899,0,899
